"record_count","total_passengers","unique_carrier_name","unique_carrier_code"
544348,2204211408,"Delta Air Lines Inc.","DL"
515610,1278916482,"US Airways Inc.","US"
485277,1696480280,"United Air Lines Inc.","UA"
432579,1907578012,"Southwest Airlines Co.","WN"
392748,2068361835,"American Airlines Inc.","AA"
381182,992478841,"Northwest Airlines Inc.","NW"
362939,928086703,"Continental Air Lines Inc.","CO"
230116,0,"Federal Express Corporation","FX"
201311,2805506,"Hageland Aviation Service","H6"
169751,266033253,"American Eagle Airlines Inc.","MQ"
143816,516859,"United Parcel Service","5X"
134902,189996328,"ExpressJet Airlines Inc. (1)","XE"
128120,212895309,"ExpressJet Airlines Inc.","EV"
117309,222579773,"SkyWest Airlines Inc.","OO"
115605,339422008,"Alaska Airlines Inc.","AS"
106610,280154577,"Trans World Airways LLC","TW"
96542,105357078,"Comair Inc.","OH"
93138,338371926,"America West Airlines Inc.","HP"
89737,1495870,"Grant Aviation","GV"
77649,78732035,"Mesaba Airlines","XJ"
76539,2959676,"Peninsula Airways Inc.","KS"
75302,1138908,"Bering Air Inc.","8E"
74584,118831031,"Mesa Airlines Inc.","YV"
65432,106471605,"Endeavor Air Inc.","9E"
61489,2684,"Arctic Transportation","7S"
59533,125541489,"Horizon Air","QX"
57272,67197388,"Chautauqua Airlines Inc.","RP"
56974,412751,"USA Jet Airlines Inc.","U7"
56279,101378548,"Air Wisconsin Airlines Corp","ZW"
56224,113471084,"Air Canada","AC"
53677,260793578,"AirTran Airways Corporation","FL"
48102,42396020,"Allegiant Air","G4"
45679,88184019,"ATA Airlines d/b/a ATA","TZ"
41686,61571831,"Republic Airlines","YX"
41286,4909453,"Miami Air International","GL"
41154,21446,"Arctic Circle Air Service","5F"
40229,52784245,"Trans States Airlines","AX"
37298,232859442,"JetBlue Airways","B6"
37136,0,"ABX Air, Inc.","ABX"
35306,26164268,"Sun Country Airlines d/b/a MN Airlines","SY"
34548,46315855,"PSA Airlines Inc.",16
34217,115500581,"Frontier Airlines Inc.","F9"
33292,433764,"Wright Air Service","8V"
33267,46755,"Tatonduk Outfitters Limited d/b/a Everts Air Alaska and Everts Air Cargo","5V"
32719,532937,"Yute Air Aka Flight Alaska","4Y"
31390,54740523,"Compania Mexicana De Aviaci","MX"
30380,34297831,"Piedmont Airlines",17
30193,5042013,"Casino Express","XP"
29143,1295376,"Frontier Flying Service","2F"
27183,85257231,"Lufthansa German Airlines","LH"
26205,40756533,"Midwest Airline, Inc.","YX (1)"
25981,90682251,"Spirit Air Lines","NK"
25290,568151,"Warbelow","4W"
25000,39793477,"Shuttle America Corp.","S5"
24656,128679979,"British Airways Plc","BA"
24641,46523852,"Korean Air Lines Co. Ltd.","KE"
23946,8407679,"Ryan International Airlines","RD"
22732,43551098,"Executive Airlines","OW"
22123,124883,"Atlas Air Inc.","5Y"
21539,38681645,"Aeromexico","AM"
20971,6201429,"Great Lakes Airlines","ZK"
20596,62160376,"Compagnie Natl Air France","AF"
20566,195753,"Iliamna Air Taxi","V8"
20175,2848706,"Pace Airlines","PCQ"
19500,1107276,"Kenmore Air Harbor","KAH"
18913,18632845,"Jazz Aviation LP","QK"
18816,74005,"Inland Aviation Services","7N"
18573,64560907,"Japan Air Lines Co. Ltd.","JL"
18004,14802966,"El Al Israel Airlines Ltd.","LY"
17664,3225276,"Sky King Inc.","SLQ"
17112,22095,"Alaska Central Express","KO"
16888,19419008,"Colgan Air","9L"
16695,21981852,"Taca International Airlines","TA"
16616,42633,"Tanana Air Service","4E"
16380,269044,"Empire Airlines Inc.","EM"
16011,147051086,"Hawaiian Airlines Inc.","HA"
16007,228798,"Island Air Service","2O"
15231,33231953,"Continental Micronesia","CS"
14623,19329757,"Compass Airlines","CP"
14608,4506439,"North American Airlines","NA"
14404,0,"Astar USA, LLC","ER"
14378,4587361,"Era Aviation","7H"
14106,0,"Amerijet International","M6"
14065,87339102,"Aloha Air Cargo","KH"
13955,0,"Reliant Airlines","RLQ"
13589,65061,"Ameristar Air Cargo","AMQ"
13552,7405810,"Champion Air","MG"
13519,99609,"Servant Air Inc.","8D"
13389,0,"Gulf And Caribbean Cargo","GFQ"
13304,14368,"Air Transport International","8C"
13248,173669,"Cape Smythe Air Service","6C"
12906,176373,"Venture Travel LLC d/b/a Taquan Air Service","K3"
12471,11900286,"USA 3000 Airlines","U5"
12456,0,"Kitty Hawk Aircargo","KR"
12180,7172800,"Silver Airways","3M"
12144,717000,"SeaPort Airlines, Inc. d/b/a Wings of Alaska","K5"
11975,6227,"Arrow Air Inc.","JW"
11913,22788921,"Independence Air","DH"
11856,9,"Capital Cargo International","PT"
11555,0,"Northern Air Cargo Inc.","NC"
11248,18392416,"GoJet Airlines, LLC d/b/a United Express","G7"
11211,24888046,"Air Jamaica Limited","JM"
10810,37584619,"Klm Royal Dutch Airlines","KL"
10430,36283,"Kitty Hawk International","CDQ"
10331,6006753,"Martinair Holland N.V.","MP"
10254,23979195,"China Airlines Ltd.","CI"
9979,2917020,"Falcon Air Express","FCQ"
9943,10583991,"Lan-Chile Airlines","LA"
9671,10534751,"Carnival Air Lines Inc.","KW"
9524,11755055,"Varig S. A.","RG"
9477,2906900,"Air Midwest Inc.","ZV"
9474,25780946,"Pan American World Airways (1)","PA (1)"
9445,19100036,"Westjet","WS"
9409,7626735,"Business Express","HQ (1)"
9331,7820863,"Commutair Aka Champlain Enterprises, Inc.","C5"
9270,16085275,"Canadian Airlines International Ltd.","CP (1)"
9049,23372260,"Eastern Air Lines Inc.","EA"
9034,18965330,"Eva Airways Corporation","BR"
9018,0,"Centurion Cargo Inc.","WE"
8752,47649,"Larrys Flying Service","J6"
8726,60715733,"Virgin Atlantic Airways","VS"
8671,17659,"Evergreen International Inc.","EZ"
8646,0,"Polar Air Cargo Airways","PO"
8455,21308218,"Iberia Air Lines Of Spain","IB"
8382,14236992,"Aerovias Nacl De Colombia","AV"
8172,289571,"PM Air, LLC","Z3"
8126,7268720,"Cape Air","9K"
8049,19266821,"Asiana Airlines Inc.","OZ"
7998,21859028,"Singapore Airlines Ltd.","SQ"
7978,22415797,"Compagnia Aerea Italiana","AZ"
7866,24537869,"Qantas Airways Ltd.","QF"
7702,0,"Florida West Airlines Inc.","PRQ"
7659,8517650,"Westair Airlines Inc.","OE"
7644,10260674,"Freedom Airlines d/b/a HP Expr","F8"
7517,5186618,"Lineas Aereas Allegro","LGQ"
7471,259540,"Promech","Z3 (1)"
7420,95572,"Tradewind Aviation","04Q"
7405,0,"Kalitta Air LLC","KAQ"
7223,1888803,"Vision Airlines","0JQ"
7114,25455,"Avjet Corporation","0WQ"
7043,239177,"Swift Air, LLC","09Q"
7020,6842721,"Markair Inc.","BF"
6798,1514110,"World Airways Inc.","WO"
6735,0,"Cargolux Airlines International S.A","CV"
6565,0,"Lynden Air Cargo Airlines","L2"
6562,0,"Express.Net Airlines","TCQ"
6537,21181406,"Cathay Pacific Airways Ltd.","CX"
6498,22198804,"Air New Zealand","NZ"
6408,30156185,"Reno Air Inc.","QQ"
6407,4772204,"TransMeridian Airlines","T9"
6310,0,"Village Aviation","VLA"
6187,8784269,"Lacsa","LR"
5921,0,"Emery Worldwide Airlines","TNQ"
5617,3700184,"Alia-(The) Royal Jordanian","RJ"
5550,11087467,"Caribbean Airlines Limited","BW"
5534,4404511,"Skyway Airlines","AL"
5485,2625617,"Grand Canyon Airlines, Inc. d/b/a Grand Canyon Airlines d/b/a Scenic Airlines","YR"
5448,7717571,"Canada 3000 Airlines Ltd.","2T"
5372,13908783,"Swissair Transport Co. Ltd.","SR"
5337,2593155,"Transp. Aereos Ejecutivos","GD"
5297,14886716,"Midway Airlines Inc.","JI (1)"
5272,6419928,"Air Transat","TS"
4900,0,"Gemini Air Cargo Airways","GR"
4823,146092,"Spernak Airways Inc.","SNK"
4777,260908,"Sierra Pacific Airlines","SI"
4734,26651913,"Virgin America","VX"
4650,0,"Transportes Aereos Mercantiles Panamericanos S.A","QT"
4624,0,"Nippon Cargo Airlines","KZ"
4620,0,"Southern Air Inc.","9S"
4517,1032559,"Express One International Inc.","JKQ"
4514,0,"Kalitta Charters II","KLQ"
4470,127853,"Pacific Airways, Inc.","3F"
4390,86390,"Alaska Seaplane Service","J5"
4353,4420606,"Omni Air Express","X9"
4336,17279082,"Philippine Airlines Inc.","PR"
4259,5639154,"Aeroflot Russian Airlines","SU"
4201,17434406,"Scandinavian Airlines Sys.","SK"
4197,11262072,"Midway Airlines Inc. (1)","ML (1)"
4169,1069679,"Big Sky Airlines Inc.","GQ"
4162,20937748,"Aer Lingus Plc","EI"
4119,11018758,"Tower Air Inc.","FF"
4097,6884150,"Air China","CA"
4013,7763793,"Polskie Linie Lotnicze","LO"
3994,696087,"Reeve Aleutian Airways Inc.","RV"
3892,610833,"Planet Airways","PLQ"
3724,10061015,"Compania Panamena (Copa)","CM"
3709,119228,"L.A.B. Flying Service Inc.","JF"
3666,19534657,"All Nippon Airways Co.","NH"
3641,4759505,"Monarch Airlines","ZB"
3592,1173470,"Air Georgian","ZX"
3494,561339,"Pacific Wings Airlines","LW"
3488,4943354,"Britannia Airways Ltd.","BY"
3459,96097,"Tradewinds Airlines","WI"
3452,2328674,"Saudi Arabian Airlines Corp","SV"
3432,17938813,"Jalways Co. Ltd.","JO"
3419,4069027,"Aero California","JR"
3269,8418954,"Icelandair","FI"
3177,21368,"Ward Air","WRD"
3107,3566258,"Condor Flugdienst","DE"
3069,4902606,"Island Air Hawaii","WP"
3006,5870,"Baker Aviation Inc.","8Q"
2942,7647136,"Bahamasair Holding Limited","UP"
2924,4566679,"Luftransport-Unternehmen","LT"
2919,11045846,"Vanguard Airlines Inc.","NJ"
2852,0,"Custom Air Transport","CTQ"
2820,3421760,"Allegheny Airlines","HRZ"
2792,4027189,"Lb Limited","7Z"
2785,0,"Fine Airlines Inc.","FNQ"
2784,177661,"Smokey Bay Air Inc.","2E"
2699,5018364,"Cayman Airways Limited","KX"
2688,17919,"National Air Cargo Group, Inc. d/b/a Murray Air","MRQ"
2660,4467756,"Mytravel Airways","RNQ"
2659,5444695,"Aerolineas Argentinas","AR"
2642,11186702,"Swiss International Airlines","LX"
2620,14023470,"Valujet Airlines Inc.","J7"
2550,0,"Asia Pacific","PFQ"
2503,1760910,"",""
2427,67932,"Air Excursions LLC","X4"
2416,0,"ABSA-Aerolinhas Brasileiras","M3"
2352,0,"Volga-Dnepr Airlines","VIQ"
2339,5460134,"Sabena Belgian World Air.","SN (1)"
2315,79213,"Skagway Air Service","N5"
2313,362764,"Boston-Maine Airways","E9"
2289,7496,"40-Mile Air","Q5"
2282,3137567,"Pakistan International Airlines","PK"
2267,1884548,"Aerolitoral","5D"
2179,1478841,"Royal Air","QN"
2156,1226504,"Rich International Airways","RIQ"
2138,1725717,"Lloyd Aereo Boliviano S. A.","LB"
2132,4024358,"Tap-Portuguese Airlines","TP"
2115,1081149,"Caribbean Sun Airlines, Inc. d/b/a World Atlantic Airlines","K8"
2106,1042770,"Key Airlines Inc.","ZN"
2093,0,"Olson Air Service","4B"
2065,2645752,"First Choice Airways","TZQ"
2055,156214,"Homer Air","HB"
2051,8351,"Chartright Air Inc.","13Q"
2049,1270056,"Pan American Airways Corp.","PN"
2048,0,"Southern Air Transport Inc.","SAQ"
2036,2133896,"Dutch Caribbean Airlines","K8 (1)"
2025,28658,"Mountain Bird/Salmon Air","S6 (1)"
1996,0,"Aerotransportes Mas De Crga","M7"
1947,128544,"Vintage Props & Jets Inc.","VQ"
1921,0,"Trans-Air-Link Corporation","TKQ"
1908,1201693,"Private Jet Expeditions","5J"
1905,0,"Cielos De Peru","A2"
1878,2509434,"Kuwait Airways Corp.","KU"
1860,0,"DHL Aero Expresso","DHQ"
1814,6381685,"Kiwi International","KP"
1803,2253026,"Viacao Aerea Sao Paulo","VP"
1778,4114845,"Concesionaria Vuela Compania De Aviacion SA de CV (Volaris)","Y4"
1734,4293597,"Malaysian Airline System","MH"
1728,1098612,"Aeroejecutivo S.A.","SX (1)"
1708,4273944,"China Eastern Airlines","MU"
1672,9903755,"National Aviation Company of India Limited d/b/a Air India","AI"
1669,6071354,"Turk Hava Yollari A.O.","TK"
1664,3000812,"Thomas Cook Airlines Uk Ltd.","MT"
1610,430096,"Sunworld International Airlines","SM"
1604,683395,"Ladeco","UC"
1559,0,"Bellair Inc. (1)","7G (1)"
1525,6020961,"South African Airways","SA"
1503,4206641,"UFS Inc.","U2"
1502,1170453,"Sky Service F.B.O.","SEQ"
1448,1764217,"Air Aruba","FQ"
1444,968366,"Aeronautica De Cancun","ACQ"
1438,1181376,"Air Atlanta Icelandic","CC"
1431,353181,"Island Airlines LLC","1DQ"
1419,8292,"London Air Services Limited","14Q"
1393,0,"China Cargo Airline","CK"
1389,8508824,"Transportes Aeros Meridiona","JJ"
1384,0,"Bemidji Airlines","CH"
1346,147892,"Charter Air Transport, Inc.","1AQ"
1325,145666,"West Isle Air","WST"
1323,675952,"Regions Air, Inc.","3C"
1322,2518923,"Air Pacific Ltd.","FJ"
1314,145804,"Bradley Air Services Ltd.","BCQ"
1288,1126607,"Canjet Airlines","C6"
1285,6171137,"Austrian Airlines","OS"
1277,0,"Aeromexpress","QO"
1273,2242987,"Transbrasil S.A.","TR"
1270,1312671,"Southeast Airlines","JX"
1249,0,"Avia Leasing Company","AD"
1246,6827516,"Morris Air Corporation","KN"
1246,3008538,"Egyptair","MS"
1225,786513,"Freedom Air","FRA"
1200,1737892,"Seaborne Aviation","SEB"
1197,2785262,"Royal Air Maroc","AT"
1194,4502654,"Western Pacific Airlines","W7"
1168,3879288,"Chicago Express Airlines","C8 (1)"
1167,0,"Millon Air Inc.","LBQ"
1152,4340873,"Finnair Oy","AY"
1145,1189489,"Aviateca","GU"
1121,3850268,"Thai Airways International Ltd.","TG"
1103,113542,"Katmai Air","KAT"
1096,1142422,"Eastwind Airlines Inc.","W9"
1066,7625938,"Emirates","EK"
1058,3087007,"Air South Inc. (1)","WV (1)"
1043,689170,"Tarom Romanian Air Transpor","RO"
1032,2084516,"Aviacsa Airlines","6A"
1025,0,"Antonov Company","ADB"
1024,0,"Lineas Aereas Del Caribe","LC (1)"
1019,2428774,"Aeropostal Alas De Venezuel","VH"
1008,564895,"Privatair","PBQ"
1000,1297812,"Compania Dominicana De Avia","DO"
998,1404653,"Corse Air International","CYQ"
996,2725226,"Lan Ecuador","XL"
988,507705,"Vieques Air Link Inc.","VI"
975,0,"Heavylift Cargo Airlines Lt","HLQ"
974,0,"Lan Colombia","L7"
974,1229051,"Venezuelan International Airways","VA (1)"
962,3446752,"Olympic Airways","OA"
955,3791,"G5 Executive Ag","GBQ"
936,391285,"Servicio Aereo De Honduras","SH"
917,11181,"Cargojet Airways Ltd.","W8"
916,15666476,"USAir Shuttle","TB (1)"
913,0,"Zantop International","ZKQ"
912,320384,"Sun Pacific International","SPQ"
906,2285838,"Servicios Avensa","VC"
888,829439,"Polynesian Airlines Ltd.","PH"
883,2873497,"Lynx Aviation d/b/a Frontier Airlines","L3"
872,302879,"Time Air Ltd.","KI"
868,1684436,"China Southern Airlines","CZ"
861,407613,"Sky Trek International Airlines","1I"
853,1173456,"Aerovias Venezolanas-Avensa","VE"
832,0,"Flagship Express Services","9R"
822,517529,"Worldwide Airlines Services","WA"
822,844007,"Ecuatoriana De Aviacion","EU"
807,0,"Aerounion Aerotransporte de Carga Union SA de CV","6R"
799,9006,"Buffalo Airways Inc.","BFQ"
795,592174,"Mokulele Flight Services, Inc.","0KQ"
795,1553202,"Aces Airlines","VX (1)"
788,3261979,"Lan Peru Airlines","LP"
782,286588,"Av Atlantic","HCQ"
777,259709,"Haiti Air Freight Intl","HFQ"
776,4411992,"Air Tahiti Nui","TN"
766,3145,"Ellis Air Taxi Inc.","ELL"
744,7125632,"National Airlines","N7"
738,241159,"Surinam Airways Limited","PY"
734,9614,"Aer Turas Teoranta","QTQ"
697,520736,"Balair Ag","BBQ"
692,0,"Global Supply System","GSQ"
684,1289690,"Saeta Airlines","EH"
675,1306777,"Air Europa","UX"
666,0,"Polyot Airlines","POQ"
647,194824,"Viscount Air Service Inc.","VIQ (1)"
645,1863191,"Czech Airlines","OK"
640,1406002,"Air Liberte Aka Aom Minerve","IW"
631,183024,"Gulf Air Company","GF"
630,1182043,"Pro Air Inc.","P9"
621,624928,"Guyana Airways Corporation","GY"
612,0,"Turks Air Ltd.","KTQ"
609,0,"Aeromar C. Por A.","BQ"
602,182674,"Air Nauru","ON"
599,699170,"Sunwing Airlines Inc.","WG"
597,2409780,"Air Berlin PLC and CO","AB"
565,0,"C.A.L Cargo Airlines","5C"
543,2482194,"Porter Airlines, Inc.","PD"
538,317336,"Primaris Airlines Inc.","FE"
537,0,"Lineas Aereas Mayas (Lamsa)","MYQ"
536,399978,"Laker Airways Inc.","6F"
532,2961866,"Qatar Airways (Q.C.S.C)","QR"
524,203676,"Intair","ND"
523,199464,"New England Airlines Inc.","NEW"
523,6567,"NetJets Large Aircraft Company L.L.C.","BNQ"
512,1343171,"Ethiopian Airlines","ET"
506,714180,"Sata Internacional","S4"
496,11988,"DCA","0BQ"
495,633608,"Harmony Airways","HQ"
492,395734,"Apa International Air S.A.","7P"
491,584003,"Compan. De Aviacion Faucett","CF"
488,1142229,"P.T. Garuda Indonesian Arwy","GA"
485,361510,"Lineas Aereas La-Tur Sa","LUQ"
475,0,"Aerial Transit Company","TPQ"
475,230633,"Japan Air Charter Co. Ltd.","JZ"
474,107673,"Multi-Aero, Inc. d/b/a Air Choice One","0MQ"
474,0,"Aerochago S.A.","G3"
472,0,"Fast Air Carrier Ltd.","UD"
467,982941,"Flagship Airlines Inc.","8N"
466,1436,"TAG Aviation Espana S.L.","0RQ"
464,346085,"Aero Costa Rica","ML"
459,2204,"Propair","PPQ"
453,403449,"Uzbekistan Airways","HY"
445,843530,"Aero Peru","PL"
435,0,"Lineas Aereas Suramerican","LSQ"
432,464997,"Union De Transports Aeriens","UT"
415,1892980,"Etihad Airways","EY"
412,196489,"Transportes Aereos Nacional","TX (1)"
411,513189,"Air Afrique","RK"
411,1570,"Global Jet Luxembourg, Sa","SVW"
407,1034,"ACM AIR CHARTER GmbH","0CQ"
403,0,"Aerovias Colombianas Arca","ARQ"
390,1497602,"British Midland Airways Ltd.","BD"
390,808915,"Lauda Air Luftfahrt Ag","NG"
383,23355,"Air North","4N"
376,311571,"Airbc Ltd.","ZX (1)"
375,1197212,"Malev Hungarian Airlines","MA"
374,667103,"Braniff International Airlines Inc.","BE"
371,354251,"Zuliana De Aviacion","ZUQ"
371,423223,"Ghana Airways Corporation","GH"
370,517063,"Jetsgo","SG"
369,948526,"LAN Argentina","4M"
369,0,"MK Airlines Ltd.","7G"
361,273524,"Transportes Aereos De Cabo","VR"
357,0,"AeroLogic GmbH","3S"
356,180118,"Pacific Island Aviation","9J"
345,194255,"Lineas Aereas Azteca","ZE"
344,0,"Omega Air Holdings d/b/a Focus Air","F2"
341,28825,"US Helicopter Corporation","UH"
341,1030,"CAT Aviation","CAZ"
340,881354,"Leisure International Airways Ltd.","LZQ"
333,1556,"Abaco Air, Ltd.","BZQ"
330,423130,"Nationair","NAQ"
325,382219,"City Bird","H2"
324,450440,"Biman Bangladesh Airlines","BG"
323,363,"SkyLink Express Inc.","PEQ"
322,394681,"Aeroenlaces Nacionales, S.A. de C.V. d/b/a VivaAerobus","VB"
318,1238,"VistaJet Luftfahrtunternehmen GmbH","VSA"
315,585319,"Haiti Trans Air","TV"
314,319729,"Aeromexico Travel","TRA"
313,1723288,"Virgin Blue International Airlines t/a V Australia","VA"
312,0,"Estafeta Carga Aereas","E7"
312,181,"Nolinor Aviation","NLQ"
308,2698,"Harris Air Services","HBQ"
305,932186,"Skybus Airlines, Inc.","SX"
294,395537,"Nations Air Express Inc.","N5 (1)"
292,667438,"Insel Air International B V","7I"
292,0,"Aeroservicios Ecuatorianos","EOQ"
289,16814,"Mn Aviation, Inc.","W4"
288,0,"Serv De Trans Aereos Fuegui","FS"
285,0,"Vensecar International","V4"
283,331466,"Aerosur","5L"
280,1364463,"Air Japan Co","NQ"
280,2314,"Wilburs Inc.","8F"
271,37853,"Soc.Nouvelle Air Guadeloupe","TX"
270,864,"TAG Aviation (UK) Ltd.","0QQ"
270,296004,"Taca Peru","TQQ"
267,30468,"Magadan Airlines","H5"
267,0,"Aero Transcolombiana","CLQ"
265,0,"Aeropuma","PUQ"
262,551984,"Aspen Airways Inc.","APN"
260,801919,"ABC Aerolineas SA de CV dba Interjet","4O"
258,1761,"Comlux Malta, Ltd.","0UQ"
256,809399,"Globespan Airways Limited d/b/a Flyglobespan","Y2"
254,0,"Varig Logistica S/A","LC"
250,18842,"Air St. Thomas","ZP"
250,121576,"Pacific International Airlines Inc.","SFQ"
250,0,"Aerolineas Mundo","MUQ"
247,148104,"Aerodynamics Inc.","AJQ"
243,51949,"Trans Continental Airlines","YB"
243,105037,"Capitol Air Express Inc.","CPQ"
242,369838,"Nicaraguense De Aviacion Sa","6Y"
241,5643,"Renown Aviation","REQ"
240,101021,"Dynamic Airways, LLC","1BQ"
238,546624,"Elysair d/b/a L'Avion","A0"
237,406338,"Eurofly S.p.A","GJ"
235,814323,"Aerosvit Ukranian Airlines","VV"
235,61718,"Serv. Aerolineas Mexicanas","SMQ"
232,0,"Prescott Support Company, Inc.","PM"
232,16902,"Florida Coastal Airlines","PA"
232,58149,"Panagra Airways","PNQ"
230,0,"Export Air Del Peru S.A.","EXQ"
227,193014,"Air Comet S.A.","A7"
226,292340,"UltrAir","RL"
226,0,"Wrangler Aviation Inc.","BUQ"
225,0,"Caicos Caribbean Airways","CUQ"
224,847495,"Pan American World Airways","PA (2)"
222,1173206,"Jet Airways (India) Limited","9W"
218,1061,"Comlux Aviation, AG","05Q"
216,88816,"Prestige Airways","OI"
214,17409,"Air Sunshine Inc.","AAT"
214,411875,"Spanair S.A.","JK"
209,0,"Andes","ED"
204,0,"Cargo 360, Inc.","GG"
203,830361,"Jetstar Airways Pty Limited","JQ"
201,690908,"Excel Airways","JN"
201,627,"Air Alsie A/S","15Q"
200,925,"Tyrolean Jet Service","TIQ"
196,185011,"TUI Airlines Nederland B.V.","OR"
194,0,"Regal Air","2R"
192,140725,"Flying Boat Inc.","OP"
190,644,"JetAlliance Flugbetriebs d/b/a JAF Airservice","JAG"
190,260848,"Lineas Aereas Paraguayas","PZ"
189,138402,"Air Ukraine","6U"
188,0,"Master Top Linhas Aereas, Ltda.","Q4"
187,217170,"Air 21","A7 (1)"
183,0,"Pacific International Airlines","PIQ"
178,152100,"Premiair","SIQ"
176,0,"Arrow Panama","WAP"
175,331815,"Aerolineas Galapagos S A Aerogal","2K"
174,49310,"Pan American World Airways Dominicana","7Q"
173,682,"Triair Bermuda Flt Operations","TBQ"
172,0,"Interamericana De Aviacion","ITQ"
172,0,"All Canada Express","CEQ"
170,226565,"Aero Continente","N6"
169,189671,"Balkan Bulgarian Airlines","LZ"
169,127718,"Air Belgium","BEQ"
167,285592,"Transaero Airlines","UN"
167,92434,"Aeromonterrey S.A.","7M"
166,429562,"Aerovias de Intergracian Regional","4C"
165,506,"Global Jet Austria, GmbH","IGA"
164,0,"Aerotour Dominicano Cxa","RTQ"
163,130847,"MAXjet","MY"
160,0,"Air Foyle Limited","GS"
160,0,"Caribbean Air Cargo Co Ltd.","DC"
158,417,"JetClub AG","0J"
158,132956,"Hapag Lloyd Flug.","HAQ"
153,201911,"Accessair Holdings","ZA"
153,79856,"Sterling Airways A/S","NBQ"
151,45418,"Air Marshall Islands Inc.","CW"
148,606,"Albinati Aeronautics SA","17Q"
147,0,"Great Wall Airlines Company Limited","IJ"
147,131017,"Air Charter (Safa)","AQQ"
144,1234266,"Santa Barbara Airlines, C.A","S3"
143,0,"Patriot Airlines Inc.","PAQ"
143,361399,"XL Airways France","SE"
142,136717,"Air Europe Limited","AE"
139,0,"Transmile Air Service","TH"
139,0,"Aerolineas El Salvador S A","SZQ"
137,381,"Challenge Air Luftverkehrs GmbH","CAQ"
137,1637,"Victory Air Transport Inc.","VCQ"
137,418,"TAG Aviation S.A.","FP"
137,664374,"Air Atlanta Europe","EUQ"
136,999,"Regency Air","RGQ"
134,280735,"Tristar Airlines Inc.","T3"
133,38211,"Air Europe S.P.A.","PE"
132,394324,"Hainan Airlines Company Limited","HU"
127,108342,"Skyservice Airlines, Inc.","5G"
123,10327,"Arizona Express","K7"
123,10543,"Grand Canyon Helicopters","GCH"
116,322473,"Sichuan Airlines Co Ltd.","3U"
116,0,"Air Caribbean (1)","XC"
115,0,"Aruba Cargo","IPQ"
115,387,"Unijet","12Q"
110,0,"AirBridgeCargo Airlines Limited","RU"
107,22175,"Lorair Ltd.","LOQ"
107,0,"Aeronaves Del Peru","ADQ"
104,562,"Acropolis Aviation Ltd.","CRV"
104,140715,"Japan Air System Co. Ltd.","JD"
102,14739,"Eagle Airlines","V9"
102,404,"Jet Aviation Business Jets AG","PP"
102,589,"Hong Kong Dragonair","KA"
98,820,"Aeroservices Executive","BES"
97,38879,"Independent Air Inc.","INQ"
94,45109,"Samoa Aviation Inc.","SMO"
92,0,"Aerolineas Latinas","LNQ"
89,17306,"Northwest Seaplanes","NWS"
89,0,"Aerovias S.A.","AOQ"
88,110947,"Nigeria Airways Ltd.","WT"
88,48283,"Translift Airways Limited","FB"
88,15424,"KaiserAir, Inc.","1EQ"
88,81065,"Aerolineas Nicaraguenses","RL (1)"
85,79704,"TravelspanGT, Inc. S.A.","9T"
83,0,"Aerolineas Uruguayas S.A.","UYQ"
82,382981,"Jin Air Co Ltd.","LJ"
82,0,"Translux Intl Airlines","LXQ"
81,4004,"Central American Airlines","GW"
80,67156,"A/S Conair","CIQ"
80,12983,"Makani Kai Air Charters","1PQ"
79,4327,"Aeromaritime","OV"
79,50684,"Great Plains Airlines Inc.","TRI"
78,240834,"Israir Airlines","6H"
77,13027,"Rio Grande Air","EWA"
76,20495,"Helijet International Inc.","JB"
74,0,"Yangtze River Express Airlines Company","Y8"
74,3301,"Jamaica Air Freighters","JAQ"
73,90488,"Air Atlantic Dominicana","LU"
68,54462,"Euro Atlantic Airways","MM"
66,20308,"N. W. Territorial Airways","NWQ"
66,111302,"Arik Air International","W3"
66,61775,"Edelweiss Air Ag","8R"
65,48262,"Oasis International Airlines S.A.","OB"
65,0,"Exec Direct Aviation Services Limited","1JQ"
65,133262,"Corsair International","SS"
64,154955,"Grand Airways Inc.","QD"
62,0,"Alas De Transporte International","APQ"
62,0,"Sterling Cargo","NB"
62,17560,"Harlequin Air Corporation","HQQ"
61,11517,"Sun Air Express LLC dba Sun Air International","1RQ"
60,93109,"Meridiana S.p.A","IG"
59,270,"Amira Air GmbH","XPE"
58,89827,"Halisa Air","WD"
58,123718,"Jettrain Airlines","LF"
57,192,"Alsek Air","1FQ"
56,0,"Conner Air Lines Inc.","4S (1)"
56,25049,"Belair Airlines Ltd.","4T"
55,81210,"EOS Airlines, Inc.","E0"
54,80601,"Air Club International","HB (1)"
54,0,"Aeroejecutivos C.A.","EJQ"
52,3325,"Flair Airlines Ltd.","07Q"
52,0,"Belize Air International Ltd.","BM"
52,0,"Air Haiti S. A.","HJ"
52,7523,"Airmark Airlines Inc.","AKQ"
51,226,"Metropix UK, LLP.","0LQ"
50,34778,"Flying Colours Airlines Ltd.","MT (1)"
49,4466,"International Cargo Xpress","XPQ"
48,95377,"Legend Airlines","LC (2)"
47,6294,"Titan Airways","02Q"
47,20024,"TUI Airlines Belgium N.V. d/b/a Jetairfly","TB"
46,27943,"Blue Scandinavia Ab","TRQ"
46,21508,"Zambia Airways Corp.","Q2"
43,44574,"Lapa-Lineas Aereas Privadas","MJ"
40,0,"Venexcargo","TDQ"
39,41917,"Novair International Airways Ltd.","NVQ"
38,21085,"Jes Air Ltd.","JX (1)"
38,161,"Ocean Sky (UK) Limited","0VQ"
38,12369,"Antigua Paradise Airways","PDQ"
37,24154,"TUIfly Nordic A.B.","6B"
36,0,"Caraven S.A.","CVQ"
36,2997,"Air Tungaru Corporation","VK"
35,10726,"Jet Fleet Intl. Airlines","JIQ"
34,0,"Tranps Aereos Guatemaltecos","TGQ"
34,0,"Anglo Airlines Ltd.","AZQ"
34,97,"Hapag-Lloyd Executive GmbH","EXC"
34,24719,"Open Skies","0OQ"
33,121,"Jet Connection Businessflight Ag","JCQ"
33,119,"International Jet Management GmbH","1HQ"
32,190966,"Brussels Airlines N.V.","SN"
32,74,"Swiss Air Ambulance","10Q"
32,4149,"Great American Airways","FDQ"
31,0,"ANA & JP Express Co. Ltd.","9N"
31,0,"Brasair Transportes Aereos","BTQ"
30,73964,"Avior Airlines, C.A.","9V"
29,7083,"Vladivostok Air","XF"
28,49237,"Norwegian Air Shuttle ASA","DY"
28,5236,"Quassar De Mexico","OMQ"
28,68672,"Flyjet Limited d/b/a Silverjet","Y7"
26,2308,"Air Greco, Inc., d/b/a Wings Air","WV"
26,107486,"Discovery Airways Inc.","DH (1)"
26,206,"Valley Air Express Inc.","2U"
25,0,"General Air Cargo","GCQ"
25,10258,"J.D.Valenciana De Aviation","V5"
25,353,"Aero-Services-Corporate","WEQ"
25,88,"Flying Service N.V.","0Q"
24,14216,"Krasair","7B"
24,5892,"Britannia Airways GmbH","BN"
24,10585,"Sobelair","Q7"
24,0,"Cargolux Italia SpA","C8"
24,2282,"Emerald Airlines Inc.","OD"
24,29208,"Lan Dominica","4M (1)"
23,0,"Mexicargo","GJ (1)"
22,16757,"Trans Europ. Airways France","EFQ"
22,2185,"Polar Airlines de Mexico d/b/a Nova Air","0HQ"
22,0,"Aero Uruguay","URQ"
19,42,"Bertelsmann Aviation GmbH","1LQ"
18,30512,"USAfrica Airways Inc.","E8"
18,8045,"City Wings Inc dba Seaflight","1QQ"
17,0,"Advance Air Charters","AAQ"
17,31899,"Luxair","LG"
17,0,"Transp. Aereos Bolivianos","BOQ"
17,0,"TPI International Airways","TSQ"
17,0,"Air Charter Systems (Acs)","WAQ"
16,7689,"Ozark Air Lines Inc.","OZA"
15,0,"Universal Airlines Inc.","UTQ"
14,3157,"World Air Network","WL"
14,1900,"Air Company Yakutia","R3"
14,9612,"Skyjet S.A.","SBQ"
14,50,"Corporatejets, XXI","0TQ"
14,0,"Airbus Transport Internat'l","BGQ"
13,84,"Jet link AG","1IQ"
13,3138,"Hispaniola Airways","ZS"
12,0,"Jetall Airways","8J"
12,0,"North East Cargo Airlines","NEQ"
12,793,"Travel Service, a.s.","QS"
12,22033,"Air Liberte","LRQ"
11,0,"Rhoades Aviation dba Transair","1TQ"
8,0,"Latcr","LCQ"
8,10139,"Queen Air","5G (1)"
7,0,"Zas Airline Of Egypt","ZAQ"
7,37358,"Jeju Air Co Ltd.","7C"
6,4761,"Belize Trans Air","4H"
6,15093,"Sol Air (Aero Hunduras)","4S"
6,0,"Aerosur (1)","ASQ"
6,14,"Air-Serve","RSV"
6,6539,"Swiss World Airways","SO"
5,1663,"Novair Airlines Ab","NOQ"
5,3949,"Time Air Sweden Ab","HK"
4,3821,"Air Malta","KM"
4,968,"Servicio Aereo Leo Lopez","8L"
2,0,"JSC The 224th Flight Unit State Airlines","1NQ"
2,0,"Star Air A/S","S6"
2,1028,"Skymark Airlines Inc.","BC"
2,0,"Primeras Lineas Uruguays For International","PU"
2,0,"Lufthansa Cargo Airlines","GE"
1,0,"Affretair","ZL"
