"record_count","total_passengers","origin_airport_id","ORIGIN_CITY_NAME","ORIGIN_STATE_ABR"
105176,298094336,13930,"Chicago, IL","IL"
98853,382001211,10397,"Atlanta, GA","GA"
74747,216298471,11292,"Denver, CO","CO"
68738,266824618,12892,"Los Angeles, CA","CA"
67405,144895434,13487,"Minneapolis, MN","MN"
67185,172646610,12266,"Houston, TX","TX"
66114,149638344,13303,"Miami, FL","FL"
64598,144689911,11433,"Detroit, MI","MI"
62501,156023197,11057,"Charlotte, NC","NC"
62208,134688098,14100,"Philadelphia, PA","PA"
61086,151097647,11618,"Newark, NJ","NJ"
59341,42124590,13244,"Memphis, TN","TN"
58321,246218424,11298,"Dallas/Fort Worth, TX","TX"
57205,202272880,12478,"New York, NY","NY"
49571,180065493,14107,"Phoenix, AZ","AZ"
45288,21438798,10299,"Anchorage, AK","AK"
43634,184537037,12889,"Las Vegas, NV","NV"
43288,100746683,12264,"Washington, DC","VA"
42388,150561453,13204,"Orlando, FL","FL"
40065,1266406,10551,"Bethel, AK","AK"
39879,51719488,11193,"Cincinnati, OH","KY"
39633,165197110,14771,"San Francisco, CA","CA"
38029,119266312,10721,"Boston, MA","MA"
36331,137380933,14747,"Seattle, WA","WA"
35796,89748507,14869,"Salt Lake City, UT","UT"
33074,108032690,12953,"New York, NY","NY"
32095,15707981,14730,"Louisville, KY","KY"
31745,96723531,11697,"Fort Lauderdale, FL","FL"
30511,34286635,12339,"Indianapolis, IN","IN"
29406,79006899,11278,"Washington, DC","VA"
29377,96347413,10821,"Baltimore, MD","MD"
29266,43698555,11042,"Cleveland, OH","OH"
27012,60500013,15016,"St. Louis, MO","MO"
26249,4224127,11630,"Fairbanks, AK","AK"
25373,38300337,16271,"Toronto, Canada","ON"
24491,77364334,15304,"Tampa, FL","FL"
24084,38734882,14122,"Pittsburgh, PA","PA"
23400,61364728,14057,"Portland, OR","OR"
22423,48441759,13198,"Kansas City, MO","MO"
20739,40998446,14492,"Raleigh/Durham, NC","NC"
20698,43922218,10693,"Nashville, TN","TN"
20083,34918510,13342,"Milwaukee, WI","WI"
19072,677007,13873,"Nome, AK","AK"
18558,51154863,13796,"Oakland, CA","CA"
18085,77930423,14679,"San Diego, CA","CA"
17929,719157,13970,"Kotzebue, AK","AK"
17303,81980809,13232,"Chicago, IL","IL"
16591,28933565,11066,"Columbus, OH","OH"
16564,35924524,14683,"San Antonio, TX","TX"
16396,82740996,12173,"Honolulu, HI","HI"
15734,35903040,13495,"New Orleans, LA","LA"
15660,38943925,10423,"Austin, TX","TX"
15425,40446723,14843,"San Juan, PR","PR"
15309,26033621,10529,"Hartford, CT","CT"
13162,24619179,13891,"Ontario, CA","CA"
13090,28642256,10140,"Albuquerque, NM","NM"
12605,33124549,14635,"Fort Myers, FL","FL"
12459,25563051,12451,"Jacksonville, FL","FL"
12353,22861551,10792,"Buffalo, NY","NY"
11987,41350645,14831,"San Jose, CA","CA"
11669,43421751,12191,"Houston, TX","TX"
11591,42627857,14893,"Sacramento, CA","CA"
11267,23770874,11032,"Cancun, Mexico",""
10937,16524725,13851,"Oklahoma City, OK","OK"
10908,18550713,13871,"Omaha, NE","NE"
10638,14430422,14524,"Richmond, VA","VA"
10374,20774685,13252,"Mexico City, Mexico",""
10021,15564199,13931,"Norfolk, VA","VA"
9934,177554,10304,"Aniak, AK","AK"
9853,501340,10245,"King Salmon, AK","AK"
9634,27524051,14027,"West Palm Beach/Palm Beach, FL","FL"
9561,15706571,11540,"El Paso, TX","TX"
9497,19577041,14307,"Providence, RI","RI"
9221,13404990,16217,"Montreal, Canada","QC"
9164,305434,11336,"Dillingham, AK","AK"
9050,8737154,11995,"Greensboro/High Point, NC","NC"
8961,18760038,16229,"Vancouver, Canada","BC"
8915,712761,10170,"Kodiak, AK","AK"
8681,14472292,10599,"Birmingham, AL","AL"
8599,8318369,11423,"Des Moines, IA","IA"
8538,9430894,15096,"Syracuse, NY","NY"
8526,3229464,12523,"Juneau, AK","AK"
8501,13557988,15370,"Tulsa, OK","OK"
8429,11733982,10257,"Albany, NY","NY"
8382,18961857,14570,"Reno, NV","NV"
8303,13771376,11884,"Spokane, WA","WA"
8287,123152,15478,"Unalakleet, AK","AK"
8174,11517406,14576,"Rochester, NY","NY"
8053,36307145,11259,"Dallas, TX","TX"
8026,9033764,11986,"Grand Rapids, MI","MI"
7959,918500,13061,"Laredo, TX","TX"
7750,24211,16091,"Detroit, MI","MI"
7628,13764155,10713,"Boise, ID","ID"
7610,7465710,15412,"Knoxville, TN","TN"
7568,11382472,11267,"Dayton, OH","OH"
7517,54704616,12972,"London, United Kingdom",""
7248,10770138,12992,"Little Rock, AR","AR"
7230,10095778,10994,"Charleston, SC","SC"
7146,16955023,15376,"Tucson, AZ","AZ"
7123,14279107,13296,"Manchester, NH","NH"
7112,39946127,14908,"Santa Ana, CA","CA"
7111,4939482,10868,"Columbia, SC","SC"
7034,21923942,10800,"Burbank, CA","CA"
6967,34,12324,"Wilmington, OH","OH"
6901,7034883,11996,"Greer, SC","SC"
6888,38381978,13744,"Tokyo, Japan",""
6669,28447886,11760,"Frankfurt, Germany",""
6619,954165,10590,"Bullhead City, AZ","AZ"
6557,109005,12807,"St. Mary's, AK","AK"
6425,6861963,13485,"Madison, WI","WI"
6364,150370,11844,"Galena, AK","AK"
6317,10660541,16257,"Calgary, Canada","AB"
6314,5097478,10158,"Atlantic City, NJ","NJ"
6159,5647110,13230,"Harrisburg, PA","PA"
6099,58808,12321,"Iliamna, AK","AK"
6022,938142,14512,"Rockford, IL","IL"
5971,24718546,13830,"Kahului, HI","HI"
5956,9095131,11874,"Guadalajara, Mexico",""
5850,97600,11550,"Emmonak, AK","AK"
5804,7432830,14761,"Sanford, FL","FL"
5671,13413916,12016,"Guam, TT","TT"
5630,359274,15741,"Ketchikan, AK","AK"
5614,1142658,15295,"Toledo, OH","OH"
5613,26560203,10920,"Paris, France",""
5613,9680617,13605,"Nassau, The Bahamas",""
5543,7078039,12197,"White Plains, NY","NY"
5468,20164037,10292,"Amsterdam, Netherlands",""
5444,5235090,12217,"Huntsville, AL","AL"
5223,6520765,12278,"Wichita, KS","KS"
5208,7737920,14685,"Savannah, GA","GA"
5088,7004125,13577,"Myrtle Beach, SC","SC"
5083,63882,13894,"Toksook, AK","AK"
5039,16100772,12277,"Seoul, South Korea",""
4963,9238929,13180,"Montego Bay, Jamaica",""
4932,4521735,12945,"Lexington, KY","KY"
4907,8255242,14832,"San Jose del Cabo, Mexico",""
4890,7129072,14321,"Portland, ME","ME"
4693,73562,12853,"Quinhagak, AK","AK"
4672,74128,12195,"Hooper Bay, AK","AK"
4669,4324074,11003,"Cedar Rapids/Iowa City, IA","IA"
4625,6743626,14312,"Puerto Vallarta, Mexico",""
4561,56668,15862,"Tuntutuliak, AK","AK"
4546,63945,13434,"Mountain Village, AK","AK"
4494,250256,10559,"Seattle, WA","WA"
4479,454918,10754,"Barrow, AK","AK"
4473,2525676,14814,"Shreveport, LA","LA"
4419,66454,12779,"Kipnuk, AK","AK"
4383,8110892,11109,"Colorado Springs, CO","CO"
4332,3533444,10135,"Allentown/Bethlehem/Easton, PA","PA"
4285,3459098,11775,"Sioux Falls, SD","SD"
4264,1766850,12819,"Ketchikan, AK","AK"
4246,52777,14895,"St. Michael, AK","AK"
4216,2472332,11823,"Fort Wayne, IN","IN"
4207,34056,13369,"Marshall, AK","AK"
4178,4852093,15919,"Fayetteville, AR","AR"
4159,58986,15785,"Selawik, AK","AK"
4153,53777,12769,"Kotlik, AK","AK"
4145,6152001,12448,"Jackson/Vicksburg, MS","MS"
4137,49928,12851,"Kwigillingok, AK","AK"
4137,59931,14718,"Scammon Bay, AK","AK"
4126,4895513,12896,"Lubbock, TX","TX"
4119,3617610,10620,"Billings, MT","MT"
4098,54143,12708,"Kongiganak, AK","AK"
4079,40316,12704,"Koyuk, AK","AK"
4062,5880339,14293,"Punta Cana, Dominican Republic",""
4057,72806,13942,"Noorvik, AK","AK"
4052,53568,11227,"Chefornak, AK","AK"
4004,50371,12831,"Kasigluk, AK","AK"
3965,48158,15721,"Stebbins, AK","AK"
3931,3577326,11973,"Gulfport/Biloxi, MS","MS"
3926,73692,15554,"Chevak, AK","AK"
3926,45908,10416,"Alakanuk, AK","AK"
3912,264521,13002,"Seattle, WA","WA"
3899,45378,11535,"Elim, AK","AK"
3894,5766348,10711,"Bogota, Colombia",""
3848,34940,14627,"Russian Mission, AK","AK"
3759,45960,13196,"McGrath, AK","AK"
3756,56948,11492,"Eek, AK","AK"
3748,3290350,14112,"St. Petersburg, FL","FL"
3709,5868373,10785,"Burlington, VT","VT"
3679,12415894,12758,"Kona, HI","HI"
3658,6843334,14262,"Palm Springs, CA","CA"
3623,57651,12268,"Kiana, AK","AK"
3588,2800879,14574,"Roanoke, VA","VA"
3583,28030,10194,"Dallas/Fort Worth, TX","TX"
3545,3483420,12206,"Harlingen/San Benito, TX","TX"
3530,38649,14856,"Shaktoolik, AK","AK"
3507,35364,13710,"Nightmute, AK","AK"
3475,5776808,14677,"San Salvador, El Salvador",""
3458,3452990,14783,"Springfield, MO","MO"
3451,362367,15502,"Tunica, MS","MS"
3444,7483186,14838,"San Jose, Costa Rica",""
3428,56859,15861,"Noatak, AK","AK"
3411,38748,10139,"Ambler, AK","AK"
3407,2979630,14696,"South Bend, IN","IN"
3406,37513,15887,"Newtok, AK","AK"
3356,3307991,11977,"Green Bay, WI","WI"
3349,6747248,10874,"Akron, OH","OH"
3347,3518207,15249,"Tallahassee, FL","FL"
3344,6721097,14193,"Pensacola, FL","FL"
3336,1976963,10581,"Bangor, ME","ME"
3332,107692,11833,"Fort Yukon, AK","AK"
3305,8401645,14739,"Santo Domingo, Dominican Republic",""
3282,5367976,11638,"Fresno, CA","CA"
3249,41939,10640,"Buckland, AK","AK"
3241,6422518,14286,"Panama City, Panama",""
3240,37390,14804,"Shungnak, AK","AK"
3239,33617,15282,"Tununak, AK","AK"
3238,35539,14805,"Shishmaref, AK","AK"
3235,464053,14709,"Deadhorse, AK","AK"
3233,37773,11941,"Golovin, AK","AK"
3222,85917,14485,"Red Dog, AK","AK"
3209,12720463,12954,"Long Beach, CA","CA"
3192,4669263,12010,"Guatemala City, Guatemala",""
3173,4325768,11721,"Flint, MI","MI"
3163,49775,12844,"Kivalina, AK","AK"
3115,3547398,13514,"Monterrey, Mexico",""
3114,5019870,10411,"Aruba, Aruba",""
3112,3235372,16149,"Ottawa, Canada","ON"
3101,31924,12822,"Brevig Mission, AK","AK"
3084,40181,13770,"Nunapitchuk, AK","AK"
3070,56329,12719,"Kalskag, AK","AK"
3065,41297,12855,"Kwethluk, AK","AK"
3057,36058,10405,"Atmautluak, AK","AK"
3053,25453,15085,"Sheldon Point, AK","AK"
3049,355532,12184,"Homer, AK","AK"
3019,3903130,13367,"Moline, IL","IL"
2992,2578894,10980,"Chattanooga, TN","TN"
2958,6025083,14986,"Sarasota/Bradenton, FL","FL"
2939,38315,15794,"White Mountain, AK","AK"
2939,35501,12214,"Huslia, AK","AK"
2921,51734,14234,"Pilot Station, AK","AK"
2893,178440,11762,"Friday Harbor, WA","WA"
2892,4354480,13158,"Midland/Odessa, TX","TX"
2880,41868,13768,"Nulato, AK","AK"
2876,34072,12709,"Akiachak, AK","AK"
2857,2780713,10466,"Phoenix, AZ","AZ"
2820,164176,10917,"Cold Bay, AK","AK"
2811,45985,14102,"Point Hope, AK","AK"
2804,3796238,10781,"Baton Rouge, LA","LA"
2794,5356166,15024,"Charlotte Amalie, VI","VI"
2782,20496,15709,"Wales, AK","AK"
2782,24386,12087,"Holy Cross, AK","AK"
2766,30561,13806,"Kobuk, AK","AK"
2762,28911,10241,"Akiak, AK","AK"
2748,31893,15257,"Tuluksak, AK","AK"
2729,21905,15798,"Napakiak, AK","AK"
2693,2320701,14108,"Peoria, IL","IL"
2682,2989688,11637,"Fargo, ND","ND"
2675,254580,11445,"Unalaska, AK","AK"
2666,86614,12917,"Columbus, OH","OH"
2656,431176,11563,"Wendover, UT","UT"
2641,1979046,12884,"Lansing, MI","MI"
2619,5011338,14309,"Shanghai, China",""
2596,28743,14275,"Pontiac, MI","MI"
2544,1713970,12003,"Great Falls, MT","MT"
2541,31740,12615,"Kaltag, AK","AK"
2520,4125072,16042,"Edmonton, Canada","AB"
2520,20722,14130,"Napaskiak, AK","AK"
2500,3349905,12323,"Wilmington, NC","NC"
2493,25846,15245,"Teller, AK","AK"
2493,3327275,11603,"Eugene, OR","OR"
2488,8177655,12391,"Islip, NY","NY"
2486,36701,10247,"Anaktuvuk Pass, AK","AK"
2467,5624963,12986,"Lima, Peru",""
2447,49065,15124,"Tanana, AK","AK"
2428,22529,15167,"Teterboro, NJ","NJ"
2414,1818082,10732,"Aguadilla, PR","PR"
2411,13869,12676,"Grayling, AK","AK"
2375,17483,11952,"Goodnews Bay, AK","AK"
2347,2334048,10408,"Appleton, WI","WI"
2334,4233203,10279,"Amarillo, TX","TX"
2328,2367876,11146,"Charleston/Dunbar, WV","WV"
2321,28271,11411,"Deering, AK","AK"
2320,26757,12815,"Thorne Bay, AK","AK"
2316,9776734,12143,"Hong Kong, Hong Kong",""
2314,970615,14828,"Sitka, AK","AK"
2301,6214189,12699,"Osaka, Japan",""
2295,14546,10313,"Anvik, AK","AK"
2287,2194859,15070,"Newburgh/Poughkeepsie, NY","NY"
2274,1349824,10154,"Nantucket, MA","MA"
2268,20223,14273,"Port Heiden, AK","AK"
2268,4435970,10911,"Caracas, Venezuela",""
2266,37680,10961,"Craig, AK","AK"
2261,18500,15293,"Togiak, AK","AK"
2260,2710837,13264,"Medford, OR","OR"
2253,23033,12868,"Koyukuk, AK","AK"
2245,52657,15049,"Savoonga, AK","AK"
2220,38908,14474,"Ruby, AK","AK"
2202,2846835,11868,"Grand Cayman, Cayman Islands",""
2194,8952058,15306,"Taipei, Taiwan",""
2170,1278095,10185,"Alexandria, LA","LA"
2156,33962,15581,"Venetie, AK","AK"
2155,945324,11898,"Grand Forks, ND","ND"
2144,3477353,14689,"Santa Barbara, CA","CA"
2144,29162,12652,"Kenmore, WA","WA"
2142,3291860,10849,"Bozeman, MT","MT"
2134,7965240,13156,"Madrid, Spain",""
2119,14510,14816,"Shageluk, AK","AK"
2116,2786321,10431,"Asheville, NC","NC"
2116,49089,11845,"Gambell, AK","AK"
2091,1915790,10434,"Scranton/Wilkes-Barre, PA","PA"
2066,11157358,12982,"Lihue, HI","HI"
2065,10841367,12966,"London, United Kingdom",""
2041,2251249,14457,"Rapid City, SD","SD"
2027,1982519,16232,"Winnipeg, Canada","MB"
2017,31373,10184,"Allakaket, AK","AK"
2014,3034318,10666,"Bellingham, WA","WA"
2004,2025202,14681,"San Pedro Sula, Honduras",""
1993,3060493,15084,"Philipsburg, Netherlands Antilles",""
1986,25886,13579,"Mekoryuk, AK","AK"
1975,2468650,14252,"Pasco/Kennewick/Richland, WA","WA"
1955,9832,12755,"New Stuyahok, AK","AK"
1949,1788746,11921,"Grand Junction, CO","CO"
1948,3295158,15624,"Valparaiso, FL","FL"
1943,7922427,13518,"Munich, Germany",""
1939,25421,13934,"Port Lions, AK","AK"
1938,1876921,15323,"Bristol/Johnson City/Kingsport, TN","TN"
1934,6823,14880,"Sleetmute, AK","AK"
1931,29884,13863,"Old Harbor, AK","AK"
1917,4256602,14098,"Newport News/Williamsburg, VA","VA"
1917,1181109,14633,"Rochester, MN","MN"
1894,13648,14282,"Platinum, AK","AK"
1888,15671,12748,"Kokhanok, AK","AK"
1887,27474,12772,"Ouzinkie, AK","AK"
1882,2595467,13486,"Missoula, MT","MT"
1880,9131,11028,"Crooked Creek, AK","AK"
1869,797327,11555,"Kenai, AK","AK"
1867,6891565,13165,"Manchester, United Kingdom",""
1855,6312618,16321,"Zurich, Switzerland",""
1854,55939,13467,"Anchorage, AK","AK"
1853,28379,12721,"Larsen Bay, AK","AK"
1849,2886721,10521,"Hamilton, Bermuda",""
1830,70613,14738,"Sandpoint, AK","AK"
1829,1611222,16085,"Halifax, Canada","NS"
1823,3681739,14210,"Port of Spain, Trinidad and Tobago",""
1822,9880640,11988,"Sao Paulo, Brazil",""
1810,3170004,13256,"Mission/McAllen/Edinburg, TX","TX"
1804,7393506,11651,"Rome, Italy",""
1802,7293,12294,"Igiugig, AK","AK"
1776,23284,12253,"Hollis, AK","AK"
1772,3866015,14955,"Saipan, TT","TT"
1772,8713,10996,"Chuathbaluk, AK","AK"
1762,1889027,12951,"Lafayette, LA","LA"
1752,720835,11122,"Casper, WY","WY"
1731,1732432,10990,"Charlottesville, VA","VA"
1715,18891,12235,"Hughes, AK","AK"
1681,1881538,12051,"Guayaquil, Ecuador",""
1668,1722269,10627,"Bismarck/Mandan, ND","ND"
1661,28084,10783,"Bettles, AK","AK"
1656,1678530,11612,"Evansville, IN","IN"
1652,2561617,13422,"Mobile, AL","AL"
1650,1444352,11731,"Freeport, The Bahamas",""
1646,3277920,11140,"Corpus Christi, TX","TX"
1631,1982385,14489,"Bend/Redmond, OR","OR"
1625,4189597,10752,"Brussels, Belgium",""
1616,15639,10349,"Arctic Village, AK","AK"
1613,1663407,15380,"Traverse City, MI","MI"
1609,17132,11511,"Egegik, AK","AK"
1605,1297140,11203,"Mosinee, WI","WI"
1605,7415,12720,"Levelock, AK","AK"
1598,3805607,12693,"Kingston, Jamaica",""
1596,6234,12671,"Koliganek, AK","AK"
1589,7603,13715,"Nondalton, AK","AK"
1583,1531210,10638,"Leon/Guanajuato, Mexico",""
1576,11655,10243,"Akhiok, AK","AK"
1574,12053,14119,"Pilot Point, AK","AK"
1572,1329850,11337,"Duluth, MN","MN"
1571,295731,10926,"Cordova, AK","AK"
1570,2213744,10685,"Bloomington/Normal, IL","IL"
1550,10810,15725,"Beaver, AK","AK"
1536,2641735,11624,"Key West, FL","FL"
1522,1203659,14711,"State College, PA","PA"
1516,80829,10540,"Bedford, MA","MA"
1516,84641,12175,"Haines, AK","AK"
1486,1633193,15027,"Christiansted, VI","VI"
1475,5763906,12402,"Hilo, HI","HI"
1470,3432,14987,"Stony River, AK","AK"
1470,49866,10225,"Wainwright, AK","AK"
1461,45547,16078,"Hamilton, Canada","ON"
1454,1850771,10208,"Augusta, GA","GA"
1448,21133,14125,"Point Lay, AK","AK"
1443,12537,12737,"Manokotak, AK","AK"
1439,2280457,13269,"Managua, Nicaragua",""
1437,2432380,11252,"Daytona Beach, FL","FL"
1426,1504485,11244,"Cozumel, Mexico",""
1418,1734310,13476,"Monterey, CA","CA"
1407,2495509,12441,"Jackson, WY","WY"
1405,1976677,14153,"Providenciales, Turks and Caicos Islands",""
1405,80794,12171,"Hoonah, AK","AK"
1400,1384311,13029,"Lincoln, NE","NE"
1400,2743840,14717,"Santiago, Chile",""
1395,63944,11997,"Gustavus, AK","AK"
1392,80870,14797,"Skagway, AK","AK"
1390,4956,14493,"Red Devil, AK","AK"
1386,5102183,11625,"Ezeiza, Argentina",""
1381,1323539,13594,"Mazatlan, Mexico",""
1366,3660741,14012,"Port-au-Prince, Haiti",""
1363,748908,10747,"Brownsville, TX","TX"
1351,2008126,12651,"Keflavik/Reykjavik, Iceland",""
1349,1453432,10469,"Kalamazoo, MI","MI"
1327,1653945,11648,"Kalispell, MT","MT"
1317,1359064,13218,"Medellin, Colombia",""
1313,844360,11869,"Grand Canyon, AZ","AZ"
1310,1721688,12990,"Liberia, Costa Rica",""
1292,6050466,11435,"Dublin, Ireland",""
1285,1425966,13184,"Saginaw/Bay City/Midland, MI","MI"
1281,4554,12653,"Ekwok, AK","AK"
1278,1615058,13277,"Montgomery, AL","AL"
1272,1250136,10561,"Bakersfield, CA","CA"
1271,31362,14919,"St. Paul, AK","AK"
1264,1983826,10575,"Barbados/Bridgetown, Barbados",""
1260,1290182,11413,"Durango, CO","CO"
1253,3378206,13560,"Milan, Italy",""
1251,28790,15856,"Westsound, WA","WA"
1251,1338544,12280,"Idaho Falls, ID","ID"
1247,421742,13541,"Martha's Vineyard, MA","MA"
1240,748750,12223,"Ashland, WV","WV"
1216,17257,12641,"Chignik, AK","AK"
1200,46989,11588,"Eastsound, WA","WA"
1197,8652,15061,"Stevens Village, AK","AK"
1196,8134,11007,"Chalkyitsik, AK","AK"
1194,1407875,11953,"Gainesville, FL","FL"
1193,3982092,15013,"Santiago, Dominican Republic",""
1186,1643942,11982,"Killeen, TX","TX"
1174,3887265,13694,"Nagoya, Japan",""
1168,961313,13076,"La Crosse, WI","WI"
1167,2491543,14918,"Shannon, Ireland",""
1166,32616,14477,"Roche Harbor, WA","WA"
1150,803287,16304,"Ixtapa/Zihuatanejo, Mexico",""
1142,965286,10312,"St. Johns, Antigua and Barbuda",""
1137,725363,11049,"College Station/Bryan, TX","TX"
1136,1861496,10846,"Belize City, Belize",""
1123,16802,12635,"Chignik Bay, AK","AK"
1118,1012949,11537,"Elmira/Corning, NY","NY"
1116,43362,13767,"Nuiqsut, AK","AK"
1109,635105,14849,"St. Kitts, Saint Kitts and Nevis",""
1105,1921903,15455,"Quito, Ecuador",""
1103,193592,11711,"Farmington, NM","NM"
1098,386778,14256,"Petersburg, AK","AK"
1097,422,13295,"Sacramento, CA","CA"
1090,1877035,11641,"Fayetteville, NC","NC"
1086,990328,13433,"Minot, ND","ND"
1080,225415,15991,"Yakutat, AK","AK"
1078,34870,10775,"Barter Island, AK","AK"
1072,791791,10136,"Abilene, TX","TX"
1071,3860,14046,"Pedro Bay, AK","AK"
1065,491813,13459,"Marquette, MI","MI"
1059,535398,11150,"Columbus, GA","GA"
1048,5723078,14066,"Beijing, China",""
1039,69974,14886,"Saltillo, Mexico",""
1039,8318,12784,"Perryville, AK","AK"
1038,576743,10148,"Acapulco, Mexico",""
1033,11,13113,"Luxembourg, Luxembourg",""
1031,17491,13055,"Lopez Island, WA","WA"
1030,6272,12866,"Karluk, AK","AK"
1016,39438,10396,"Atqasuk, AK","AK"
1011,90977,14942,"Seldovia, AK","AK"
1005,6560318,15092,"Sydney, Australia",""
996,29254,16390,"Beluga, AK","AK"
994,868916,11067,"Champaign/Urbana, IL","IL"
989,750682,13347,"Hoolehua, HI","HI"
986,1757143,11503,"Eagle, CO","CO"
986,5837527,15258,"Tel Aviv, Israel",""
982,903289,13377,"Monroe, LA","LA"
978,691819,13127,"Lewiston, ID","ID"
962,531178,16101,"Yakima, WA","WA"
962,763907,13502,"Montrose/Delta, CO","CO"
946,1556040,13360,"Melbourne, FL","FL"
939,1467849,12073,"Havana, Cuba",""
933,11769,12638,"Chignik Lagoon, AK","AK"
933,6723,11463,"Eagle, AK","AK"
924,31960,13504,"Metlakatla, AK","AK"
924,1169098,11577,"Erie, PA","PA"
922,3715216,13408,"Manila, Philippines",""
920,188239,11233,"Cheyenne, WY","WY"
910,6848,15385,"Twin Hills, AK","AK"
910,245306,13964,"North Bend/Coos Bay, OR","OR"
908,123985,14081,"Page, AZ","AZ"
907,612248,10155,"Waco, TX","TX"
903,35715,14088,"Port Graham, AK","AK"
899,975491,11617,"New Bern/Morehead/Beaufort, NC","NC"
894,409730,13289,"Marsh Harbour, The Bahamas",""
887,9815,12348,"Winston-Salem, NC","NC"
886,960242,16263,"Victoria, Canada","BC"
875,1059782,12094,"Hayden, CO","CO"
875,948587,12156,"Helena, MT","MT"
874,5352,15853,"South Naknek, AK","AK"
864,13760,15012,"St. George Island, AK","AK"
853,2863353,11118,"Copenhagen, Denmark",""
851,411834,11470,"Wenatchee, WA","WA"
844,7757,11643,"Fairbanks, AK","AK"
841,7967,11375,"Dover, DE","DE"
840,2538,14559,"Rampart, AK","AK"
838,2854513,11444,"Dusseldorf, Germany",""
834,28726,15406,"Tyonek, AK","AK"
832,4232,13676,"Nikolai, AK","AK"
832,382180,12164,"Hermosillo, Mexico",""
829,98608,10970,"Cologne, Germany",""
826,578810,14082,"Punta Gorda, FL","FL"
826,347408,15841,"Wrangell, AK","AK"
821,3825,15444,"Pilot Point, AK","AK"
819,1167523,13795,"Jacksonville/Camp Lejeune, NC","NC"
818,34075,12649,"Nanwalek, AK","AK"
817,2,16128,"Montreal, Canada","QC"
815,16952,14628,"Rosario, WA","WA"
813,55863,16178,"Gander, Canada","NL"
812,772043,11778,"Fort Smith, AR","AR"
805,279190,11865,"Gillette, WY","WY"
803,32660,11764,"East Farmingdale, NY","NY"
800,547518,14842,"San Angelo, TX","TX"
795,802454,13370,"Morelia, Mexico",""
793,2701,12857,"Kasaan, AK","AK"
782,539776,15589,"Las Vegas, NV","NV"
781,700743,12250,"Hyannis, MA","MA"
776,2897,15278,"Tin City, AK","AK"
774,5110,14167,"Port Moller, AK","AK"
772,354141,12265,"Niagara Falls, NY","NY"
771,835058,16163,"Quebec, Canada","QC"
767,579136,14952,"Springfield, IL","IL"
766,249867,11187,"Chihuahua, Mexico",""
758,581772,14025,"Plattsburgh, NY","NY"
755,884380,12397,"Ithaca/Cortland, NY","NY"
750,358545,13306,"Merida, Mexico",""
749,672407,14487,"Redding, CA","CA"
748,1287168,14207,"Puerto Plata, Dominican Republic",""
746,1283802,14698,"San Luis Obispo, CA","CA"
738,243230,11980,"Grand Island, NE","NE"
725,260692,15246,"Toluca, Mexico",""
722,2688,15160,"Takotna, AK","AK"
715,1022,14268,"Port Alsworth, AK","AK"
714,21224,13546,"Moses Lake, WA","WA"
714,946537,10577,"Binghamton, NY","NY"
708,964821,15513,"St. Lucia, Saint Lucia",""
708,300534,13290,"Manhattan/Ft. Riley, KS","KS"
707,859594,10157,"Arcata/Eureka, CA","CA"
700,193915,12389,"Williston, ND","ND"
700,245221,16477,"Queretaro, Mexico",""
697,229028,10631,"Bemidji, MN","MN"
696,1520,12633,"Coffman Cove, AK","AK"
694,91643,11027,"Clarksburg/Fairmont, WV","WV"
694,200563,13024,"Klamath Falls, OR","OR"
691,131713,11867,"Garden City, KS","KS"
690,982006,11185,"Willemstad, Netherlands Antilles",""
690,5568,11053,"Clarks Point, AK","AK"
690,9116,15842,"Fort Dix, NJ","NJ"
688,601449,10661,"Boulder City, NV","NV"
688,148280,14120,"Pierre, SD","SD"
686,209969,16133,"Youngstown/Warren, OH","OH"
683,527474,15041,"Sun Valley/Hailey/Ketchum, ID","ID"
683,245882,11111,"Columbia, MO","MO"
681,102,15567,"Sao Paulo, Brazil",""
678,55353,12544,"Cabarrus, NC","NC"
672,4763412,11455,"Dubai, United Arab Emirates",""
670,103239,14288,"Pueblo, CO","CO"
670,83111,14054,"Pendleton, OR","OR"
667,332052,15626,"Vieques, PR","PR"
664,1478294,11481,"Panama City, FL","FL"
664,1842307,10372,"Aspen, CO","CO"
661,99407,11050,"Port Angeles, WA","WA"
661,233313,14582,"Rota, TT","TT"
660,2174959,10517,"Barcelona, Spain",""
656,6982,16345,"Saltery Cove, AK","AK"
654,17401,11214,"Coldfoot, AK","AK"
646,3699,12370,"Circle, AK","AK"
645,2110,13415,"Minto, AK","AK"
644,1670,15504,"Utopia, AK","AK"
642,2462,12774,"Port Clarence, AK","AK"
640,137885,14259,"Portsmouth, NH","NH"
635,24410,12841,"King Cove, AK","AK"
635,12011,12621,"Birch Creek, AK","AK"
634,311131,10146,"Albany, GA","GA"
633,1357,14601,"Nixon Fork Mine, AK","AK"
632,2699456,11915,"Rio de Janeiro, Brazil",""
631,430236,14960,"Wichita Falls, TX","TX"
627,658078,16218,"Yuma, AZ","AZ"
623,423125,13034,"Lanai, HI","HI"
622,397152,10210,"Aguascalientes, Mexico",""
616,509016,12915,"Lake Charles, LA","LA"
614,568892,14704,"Salisbury, MD","MD"
613,63001,12055,"Gary, IN","IN"
605,16553,14533,"Riverside, CA","CA"
603,2089450,15058,"Moscow, Russia",""
603,289441,14879,"San Luis Potosi, Mexico",""
602,274322,14520,"Rhinelander, WI","WI"
594,144478,15018,"London, United Kingdom",""
594,228002,14543,"Rock Springs, WY","WY"
592,2116,15236,"Tok, AK","AK"
590,103791,10558,"Scottsbluff, NE","NE"
584,95760,12390,"Kinston, NC","NC"
582,3423715,10244,"Auckland, New Zealand",""
576,197845,11315,"Dickinson, ND","ND"
575,3740,10562,"Mobile, AL","AL"
573,483873,13166,"Manaus, Brazil",""
572,3451,12957,"Liege, Belgium",""
571,1481,13111,"Cape Lisburne, AK","AK"
567,513171,12891,"Lawton/Fort Sill, OK","OK"
566,1219,11484,"Edna Bay, AK","AK"
564,1296,15885,"Whale Pass, AK","AK"
563,3110,13704,"Nelson Lagoon, AK","AK"
558,2523711,12395,"Istanbul, Turkey",""
555,1941567,10357,"Stockholm, Sweden",""
552,220715,11076,"Hancock/Houghton, MI","MI"
551,110617,10930,"Crescent City, CA","CA"
548,306385,15389,"Twin Falls, ID","ID"
548,1028,15250,"Tatalina, AK","AK"
544,13594,12847,"Waterfall, AK","AK"
543,18340,10204,"Angoon, AK","AK"
543,297373,12898,"Latrobe, PA","PA"
541,690130,15411,"Tyler, TX","TX"
541,265784,11525,"Elko, NV","NV"
540,409569,14905,"Santa Maria, CA","CA"
540,54533,16233,"Victoria, Canada","BC"
539,80821,12899,"North Platte, NE","NE"
538,1187426,11928,"Glasgow, United Kingdom",""
533,276439,14637,"Roatan Island, Honduras",""
532,17678,15153,"Tuscaloosa, AL","AL"
530,4772,14115,"Glasgow/Prestwick, United Kingdom",""
529,17551,10172,"Camp Springs, MD","MD"
529,248575,14588,"Roswell, NM","NM"
528,24204,13667,"Norfolk, VA","VA"
526,1449,14863,"Skwentna, AK","AK"
519,1024,11241,"Cape Romanzof, AK","AK"
517,1278062,12026,"Geneva, Switzerland",""
515,2485,15472,"Umiat, AK","AK"
515,476871,11695,"Flagstaff, AZ","AZ"
512,234517,15317,"Torreon, Mexico",""
510,32019,14877,"Salina, KS","KS"
506,837,13693,"Naukiti, AK","AK"
504,144363,14812,"Sheridan, WY","WY"
502,45,10171,"Dallas, TX","TX"
500,247250,14113,"Pocatello, ID","ID"
498,983,13381,"Manley Hot Springs, AK","AK"
495,846,14229,"Port Protection, AK","AK"
495,411,12252,"Hydaburg, AK","AK"
494,766446,11052,"Cali, Colombia",""
494,4,14467,"Roseburg, OR","OR"
492,15128,12610,"Kake, AK","AK"
491,48174,11726,"Topeka, KS","KS"
490,10713,15231,"Tenakee, AK","AK"
487,2833,15793,"Meyers Chuck, AK","AK"
486,423940,14222,"Pago Pago, TT","TT"
486,854126,15192,"Tegucigalpa, Honduras",""
486,111676,11415,"Del Rio, TX","TX"
485,824457,11519,"Road Town, British Virgin Islands",""
483,93347,11468,"Kearney, NE","NE"
482,2199,15934,"Granite Point, AK","AK"
478,480928,14092,"Greenville, NC","NC"
477,626920,13139,"Lynchburg, VA","VA"
477,7065,13461,"Smyrna, TN","TN"
477,12997,15043,"St. Louis, MO","MO"
476,892815,14078,"Panama City, FL","FL"
473,300074,16306,"Manzanillo, Mexico",""
471,1062,11512,"Cape Newenham, AK","AK"
470,1303701,12991,"Lisbon, Portugal",""
467,77928,11283,"Dodge City, KS","KS"
466,527017,16242,"Saskatoon, Canada","SK"
466,1544921,15718,"Warsaw, Poland",""
466,174088,11170,"Sapporo, Japan",""
465,51599,11548,"Derby, United Kingdom",""
462,2586,12018,"Gallup, NM","NM"
461,1209,13714,"Naknek, AK","AK"
460,234456,11471,"Eau Claire, WI","WI"
457,184541,10739,"Brainerd, MN","MN"
455,687582,15023,"Santa Rosa, CA","CA"
455,318810,11950,"Grenada, Grenada",""
451,421300,14794,"St. George, UT","UT"
450,232209,10268,"Waterloo, IA","IA"
448,228397,16252,"London, Canada","ON"
445,242141,14150,"Pellston, MI","MI"
444,94435,12335,"Iron Mountain/Kingsfd, MI","MI"
444,348915,16293,"Zacatecas, Mexico",""
441,130678,11587,"Escanaba, MI","MI"
441,274076,15401,"Texarkana, AR","AR"
439,757,13898,"Miami, FL","FL"
439,81830,10918,"Cedar City, UT","UT"
434,2953,15045,"Fairfield, CA","CA"
431,65506,13203,"Macon, GA","GA"
430,303627,12007,"Columbus, MS","MS"
428,221928,11907,"Moss Town, The Bahamas",""
428,114927,12888,"Laramie, WY","WY"
426,41388,12190,"Hot Springs, AR","AR"
423,245736,11097,"Cody, WY","WY"
421,221343,11905,"Longview, TX","TX"
416,732,13016,"Lake Minchumina, AK","AK"
414,800141,14254,"Ponce, PR","PR"
410,409422,12492,"Kapalua, HI","HI"
409,236674,10141,"Aberdeen, SD","SD"
408,730,11813,"Donlin Creek Mine, AK","AK"
406,347091,11274,"Dubuque, IA","IA"
405,552477,11699,"Florence, SC","SC"
404,194400,10717,"Bonaire, Netherlands Antilles",""
402,100428,15147,"Treasure Cay, The Bahamas",""
402,431521,11308,"Dothan, AL","AL"
402,455993,14303,"Pullman, WA","WA"
400,433946,11888,"Georgetown, Guyana",""
399,1042023,10287,"Amman, Jordan",""
398,2604,12125,"Hahn, Germany",""
396,8533,14062,"Pelican, AK","AK"
395,495251,16173,"Regina, Canada","SK"
395,464,12773,"Point Baker, AK","AK"
393,302436,15048,"Sioux City, IA","IA"
391,1339806,10394,"Athens, Greece",""
390,45850,15570,"Victorville, CA","CA"
390,464550,10643,"Branson, MO","MO"
389,1461,10020,"Selawik, AK","AK"
389,45042,14745,"Sidney, MT","MT"
388,1710698,14228,"Papeete, French Polynesia",""
385,148171,14022,"Puebla, Mexico",""
385,553912,13169,"Maracaibo, Venezuela",""
382,650,12854,"West Point, AK","AK"
382,253078,10728,"Beaumont/Port Arthur, TX","TX"
379,128215,14534,"Riverton/Lander, WY","WY"
376,28,11198,"Corvallis, OR","OR"
372,93313,13121,"Lewisburg, WV","WV"
371,86570,12255,"Hays, KS","KS"
369,694,15091,"Seal Bay, AK","AK"
366,170778,15356,"Trenton, NJ","NJ"
363,50551,12494,"Jamestown, NY","NY"
362,29636,15381,"Thief River Falls, MN","MN"
362,1437833,12169,"Tokyo, Japan",""
362,188699,15374,"Tupelo, MS","MS"
362,3783,14004,"Everett, WA","WA"
360,120192,14278,"Pointe A Pitre, Guadeloupe",""
359,1514,10278,"Lazy Bay, AK","AK"
358,226899,14674,"Santa Fe, NM","NM"
357,1694,11924,"Gulkana, AK","AK"
357,1041107,15402,"Berlin, Germany",""
352,156680,10333,"Alpena, MI","MI"
351,150545,13933,"Worcester, MA","MA"
348,46,16166,"Windsor, Canada","ON"
347,52719,12902,"Liberal, KS","KS"
345,12621,10647,"Cleveland, OH","OH"
345,279623,13068,"La Romana, Dominican Republic",""
343,281390,11719,"Fort Collins/Loveland, CO","CO"
340,681,12705,"Kitoi Bay, AK","AK"
339,181692,13162,"Majuro, Marshall Islands",""
338,580,15446,"Uganik, AK","AK"
338,92568,12559,"Johnstown, PA","PA"
337,12774,13341,"Kansas City, MO","MO"
337,34290,13862,"Wolf Point, MT","MT"
335,135511,15579,"Valdez, AK","AK"
334,229886,11398,"Peach Springs, AZ","AZ"
333,4597,11545,"Elfin Cove, AK","AK"
332,15108,12878,"Lafayette, IN","IN"
331,4931,14897,"Salmon, ID","ID"
331,174198,16268,"St. John's, Canada","NL"
330,2027,15689,"Wildman Creek, AK","AK"
330,102138,14237,"Prescott, AZ","AZ"
328,216617,12365,"Williamsport, PA","PA"
326,138214,11013,"Sault Ste. Marie, MI","MI"
326,1317052,11332,"Dakar, Senegal",""
324,904,11619,"Excursion Inlet, AK","AK"
324,1680,10938,"Central, AK","AK"
323,556467,11793,"Fukuoka, Japan",""
322,144701,11534,"North Eleuthera, The Bahamas",""
322,1249,11299,"Danger Bay, AK","AK"
322,166658,14819,"San Juan, PR","PR"
321,834268,13602,"Nadi, Fiji",""
321,600355,12124,"Hilton Head, SC","SC"
319,38798,10216,"Athens, GA","GA"
316,60419,11288,"Decatur, IL","IL"
315,565,12785,"Port Bailey, AK","AK"
314,3027,14561,"Ramstein, Germany",""
312,1627,12315,"Nikolski, AK","AK"
312,266,12869,"Zachar Bay, AK","AK"
312,906,12743,"Moser Bay, AK","AK"
311,35005,15601,"Visalia, CA","CA"
310,25768,10654,"Beckley, WV","WV"
310,150504,12343,"International Falls, MN","MN"
307,2654,10237,"Atka, AK","AK"
306,75743,12363,"El Centro, CA","CA"
302,1452591,15595,"Vienna, Austria",""
302,19681,11856,"Great Bend, KS","KS"
302,163,15171,"Tatitlek, AK","AK"
301,470,12782,"Port Williams, AK","AK"
301,59487,10925,"Chadron, NE","NE"
300,154143,12129,"Hibbing, MN","MN"
300,98,15774,"Aleknagik, AK","AK"
299,59310,10322,"Altoona, PA","PA"
298,337,16340,"Chomondely Sound, AK","AK"
297,44318,13200,"McCook, NE","NE"
297,2903,11487,"Anchorage, AK","AK"
297,1672,15618,"Van Nuys, CA","CA"
296,443732,10486,"Barranquilla, Colombia",""
296,380,10324,"Amook Bay, AK","AK"
296,2117,10951,"Coffee Point, AK","AK"
295,3464,12663,"False Pass, AK","AK"
294,124433,14231,"Presque Isle/Houlton, ME","ME"
294,5357,10070,"International Seafoods, AK","AK"
293,38194,12207,"Harrison, AR","AR"
292,738516,15643,"Santa Cruz, Bolivia",""
292,55357,16267,"Goose Bay, Canada","NL"
291,1916044,11290,"Delhi, India",""
290,216675,13344,"Muskegon, MI","MI"
289,28839,11495,"Houston, TX","TX"
287,841,12771,"Olga Bay, AK","AK"
286,1033,11280,"Dahl Creek, AK","AK"
285,36112,11531,"El Dorado, AR","AR"
285,53950,12519,"Jamestown, ND","ND"
283,130347,12180,"Holguin, Cuba",""
280,16915,12132,"Lake Havasu City, AZ","AZ"
280,468,12983,"Long Island, AK","AK"
280,40346,10221,"Alliance, NE","NE"
279,43326,13194,"Merced, CA","CA"
278,0,12956,"La Grande, OR","OR"
278,32650,13618,"Guantanamo, Cuba",""
277,16745,10165,"Adak Island, AK","AK"
276,35968,14468,"Brooks Lodge, AK","AK"
275,347973,12244,"New Haven, CT","CT"
275,118407,14109,"Hattiesburg/Laurel, MS","MS"
274,1541,14323,"Bremerton, WA","WA"
274,338508,14716,"Stockton, CA","CA"
272,36409,12185,"Huron, SD","SD"
272,437163,11164,"Cartagena, Colombia",""
272,17182,14692,"Saint Barthelemy, Guadeloupe",""
272,344695,12012,"Gunnison, CO","CO"
271,117668,11615,"New Bedford/Fall River, MA","MA"
269,4985,13105,"Cincinnati, OH","OH"
269,25883,13697,"Cherry Point, NC","NC"
268,18888,10615,"El Paso, TX","TX"
268,92997,14802,"Staunton, VA","VA"
267,36959,10557,"Bradford, PA","PA"
266,25095,15532,"Monument Valley, UT","UT"
266,73240,10950,"Cortez, CO","CO"
264,456005,16115,"Kelowna, Canada","BC"
264,335249,12472,"Jeddah, Saudi Arabia",""
262,121546,10676,"Belleville, IL","IL"
262,73096,15174,"Lajes, Portugal",""
261,24089,13375,"Miles City, MT","MT"
261,65250,14131,"Parkersburg, WV","WV"
261,36245,11447,"Devils Lake, ND","ND"
260,316,13540,"Burlington/Mount Vernon, WA","WA"
259,12121,16007,"Campbell River, Canada","BC"
259,73971,16097,"Kitchener, Canada","ON"
259,190521,11002,"Chico, CA","CA"
259,3721,12134,"Honolulu, HI","HI"
258,401,16311,"Nyac, AK","AK"
258,313442,10779,"Butte, MT","MT"
258,13853,11879,"Glendive, MT","MT"
258,33455,11092,"Moab, UT","UT"
258,171449,13095,"Loreto, Mexico",""
258,617051,15022,"Stuttgart, Germany",""
257,29283,14871,"Salem, OR","OR"
256,65824,10272,"Alamosa, CO","CO"
255,38222,11085,"Carlsbad, NM","NM"
255,198928,14583,"Koror, Palau",""
254,75254,13543,"Marion/Herrin, IL","IL"
254,171526,15610,"Valencia, Venezuela",""
254,9355,12938,"Leipzig, Germany",""
253,11786,10683,"Bloomington, IN","IN"
253,195897,10338,"Apia, Samoa",""
251,1345,10770,"Bartletts, AK","AK"
251,1466872,11369,"Doha, Qatar",""
250,65987,11931,"Greenville, MS","MS"
250,6314,13890,"Newport, OR","OR"
249,909896,15566,"Venice, Italy",""
248,448,14656,"Rocky Mount, NC","NC"
247,192616,15584,"Veracruz, Mexico",""
247,1236864,16215,"Toronto, Canada","ON"
246,363,13115,"Lime Village, AK","AK"
246,60130,11441,"DuBois, PA","PA"
244,27849,15843,"Worland, WY","WY"
244,584,15731,"Chandalar, AK","AK"
244,87617,11301,"Durango, Mexico",""
240,139419,10409,"Watertown, SD","SD"
239,602902,10877,"Guangzhou, China",""
238,91849,12436,"Inyokern, CA","CA"
238,76240,12932,"Lebanon-Hanover, NH","NH"
237,1107,12900,"Paris, France",""
237,91072,10589,"Bar Harbor, ME","ME"
237,0,15395,"Port Isabel, TX","TX"
235,17339,11908,"Glasgow, MT","MT"
234,146407,11372,"Marigot, Dominica",""
234,241353,14884,"St. Lucia, Saint Lucia",""
233,28369,13821,"Oak Harbor, WA","WA"
233,18791,13128,"Lewistown, MT","MT"
232,0,11522,"Eureka, CA","CA"
232,970,14037,"Portage Creek, AK","AK"
231,99489,12239,"Santa Cruz/Huatulco, Mexico",""
229,134274,11075,"Camaguey, Cuba",""
229,651763,13952,"Oslo, Norway",""
228,35336,13094,"London, United Kingdom",""
228,7178,14143,"Plattsburgh, NY","NY"
228,1409,12141,"Healy, AK","AK"
225,7008,13785,"Yuma, AZ","AZ"
224,175,11036,"Chicken, AK","AK"
224,1150,11388,"Alpine, AK","AK"
223,101507,11654,"Fort de France, Martinique",""
223,13234,15154,"Tacoma, WA","WA"
222,108182,13282,"Morgantown, WV","WV"
222,60594,11725,"Fort Dodge, IA","IA"
221,145284,10011,"Peach Springs, AZ","AZ"
221,59152,14539,"Rockland, ME","ME"
221,190,13629,"Chenega, AK","AK"
220,4633,10819,"Bowling Green, KY","KY"
220,8288,11834,"Fayetteville, AR","AR"
220,723743,12849,"Kuwait, Kuwait",""
220,162487,13211,"Mason City, IA","IA"
219,79276,10361,"Watertown, NY","NY"
218,84226,15855,"Westerly, RI","RI"
216,117108,10954,"Cienfuegos, Cuba",""
216,82741,10613,"Block Island, RI","RI"
215,526292,14824,"Singapore, Singapore",""
214,1164995,13243,"Melbourne, Australia",""
214,22282,12297,"Kingman, AZ","AZ"
213,42792,14875,"Saranac Lake/Lake Placid, NY","NY"
213,80,12368,"Iquique, Chile",""
213,148744,14733,"Sendai, Japan",""
212,467660,10150,"Accra, Ghana",""
212,9128,13968,"Anacortes, WA","WA"
211,52522,12320,"Wilmington, DE","DE"
211,14809,12174,"Hana, HI","HI"
211,585180,10608,"Birmingham, United Kingdom",""
209,118658,12511,"Joplin, MO","MO"
208,2084,15422,"Guam, TT","TT"
208,1226,15754,"Hyder, AK","AK"
206,417,11058,"Columbus, IN","IN"
206,960766,10415,"Abu Dhabi, United Arab Emirates",""
205,13720,13003,"Kulik Lake, AK","AK"
203,38861,11684,"Franklin/Oil City, PA","PA"
202,52398,13484,"Muscle Shoals, AL","AL"
201,38140,14648,"Rutland, VT","VT"
200,15795,15074,"Stillwater, OK","OK"
200,342624,15607,"Valdosta, GA","GA"
199,1083727,10716,"Mumbai, India",""
199,68651,14314,"Provo, UT","UT"
198,761679,11488,"Edinburgh, United Kingdom",""
197,198780,14006,"Paducah, KY","KY"
197,9736,12245,"Havre, MT","MT"
197,470325,10568,"Belfast, United Kingdom",""
195,264868,10275,"Walla Walla, WA","WA"
194,218,11720,"Funter Bay Alaska, AK","AK"
194,1454,14270,"Port Alexander, AK","AK"
194,360569,11041,"Carlsbad, CA","CA"
193,442515,13625,"Nice, France",""
193,8063,14553,"Rome, NY","NY"
192,631950,14239,"Prague, Czech Republic",""
192,40008,15582,"Vernal, UT","UT"
192,103666,15177,"Telluride, CO","CO"
191,639,13987,"Waterbury, CT","CT"
191,750,13292,"Minchumina, AK","AK"
191,177,14030,"Zanderij, Suriname",""
191,539896,13043,"Lagos, Nigeria",""
190,8094,12546,"New York, NY","NY"
189,42074,10414,"Augusta/Waterville, ME","ME"
188,1245,14013,"Palmer, AK","AK"
187,228373,13424,"Modesto, CA","CA"
187,11207,13520,"Kamuela, HI","HI"
187,20981,12412,"Ironwood, MI","MI"
187,41704,10658,"Barcelona, Venezuela",""
186,7340,13501,"Marathon, FL","FL"
185,44233,14943,"Show Low, AZ","AZ"
184,154139,14645,"Riyadh, Saudi Arabia",""
183,126781,15008,"St. Cloud, MN","MN"
183,46359,12177,"Hobbs, NM","NM"
182,778,13398,"Morristown, NJ","NJ"
182,9365,11859,"Galbraith Lake, AK","AK"
181,1034387,10696,"Brisbane, Australia",""
181,30690,13682,"Jacksonville, FL","FL"
180,0,15113,"Shenzhen, China",""
180,14574,14197,"Fayetteville, NC","NC"
180,106369,16171,"Moncton, Canada","NB"
180,103,11871,"Greenville, SC","SC"
179,92105,12133,"Hiroshima, Japan",""
178,32760,13832,"Ogdensburg, NY","NY"
178,731,13917,"Sandy, AK","AK"
176,15820,11216,"Christmas Island, Kiribati",""
176,553,13914,"Pumice, AK","AK"
176,28,11376,"Chicago, IL","IL"
176,156803,13241,"Meridian, MS","MS"
175,503111,14945,"Charlotte Amalie, VI","VI"
175,43420,10744,"Burlington, IA","IA"
175,518,13574,"May Creek, AK","AK"
173,22473,12455,"Jonesboro, AR","AR"
173,1491,11317,"Diomede Island, AK","AK"
173,3258,16076,"Campbell River, Canada","BC"
172,126295,15125,"Tampico, Mexico",""
170,357689,13943,"Paris, France",""
170,12451,15052,"St. Vincent, Saint Vincent and the Grenadines",""
170,40304,10967,"Cape Girardeau, MO","MO"
167,605,10535,"Bridgeport, CT","CT"
166,15503,13348,"Jackson, TN","TN"
166,99643,14306,"Provincetown, MA","MA"
166,213917,12789,"Krakow, Poland",""
165,2,13957,"Ostend, Belgium",""
165,653,11628,"Farnborough, United Kingdom",""
164,585,12222,"East Hampton, NY","NY"
164,771892,12101,"Helsinki, Finland",""
164,452,14898,"Santa Monica, CA","CA"
164,351,10923,"Candle, AK","AK"
164,119410,12886,"La Paz, Mexico",""
163,244,10817,"Brownwood, TX","TX"
162,899,11559,"Nenana, AK","AK"
162,35167,10933,"Chicopee Falls, MA","MA"
162,451,11245,"Chisana, AK","AK"
161,4,10986,"Chicago, IL","IL"
161,183,15448,"Ugashik, AK","AK"
160,56508,14722,"Santiago, Cuba",""
160,5001,16083,"Montreal, Canada","QC"
159,62553,10371,"Andros Town, The Bahamas",""
159,65617,12119,"Hagerstown, MD","MD"
158,263407,10731,"Brunswick, GA","GA"
158,493302,14992,"Christiansted, VI","VI"
157,533669,12627,"Kiev, Ukraine",""
157,11259,12786,"Akutan, AK","AK"
157,1637,13809,"Ocala, FL","FL"
156,100276,13983,"Owensboro, KY","KY"
155,103731,11063,"Ciudad del Carmen, Mexico",""
155,29514,13490,"Massena, NY","NY"
155,20796,13109,"Kalaupapa, HI","HI"
155,44942,13032,"Lancaster, PA","PA"
152,7524,13087,"Las Vegas, NV","NV"
151,8445,13791,"San Diego, CA","CA"
150,74771,13853,"Okayama, Japan",""
150,73438,12690,"Niigata, Japan",""
150,448956,11345,"Moscow, Russia",""
150,5876,14218,"Prospect Creek, AK","AK"
149,357865,10758,"Brasilia, Brazil",""
149,123806,15632,"Villahermosa, Mexico",""
149,240,11367,"Dora Bay, AK","AK"
147,414,11946,"Granite Mountain, AK","AK"
147,104928,13799,"Oaxaca, Mexico",""
146,116119,15994,"Yap, Federated States of Micronesia",""
145,100155,10444,"The Valley, Anguilla",""
145,10614,11547,"Ely, NV","NV"
145,977,15894,"Yes Bay, AK","AK"
145,8,12598,"Arlington, TX","TX"
145,58993,15454,"Quincy, IL","IL"
144,889046,10872,"Cairo, Egypt",""
143,277217,13532,"Montevideo, Uruguay",""
143,45417,16254,"Whitehorse, Canada","YT"
143,7782,10266,"Alamogordo, NM","NM"
143,0,13876,"Omak, WA","WA"
142,33838,11910,"Governors Harbour, The Bahamas",""
142,18679,11197,"Clovis, NM","NM"
141,1700,11458,"Anadyr, Russia",""
139,321,14040,"Painter Creek, AK","AK"
139,1,11024,"Ciudad Juarez, Mexico",""
138,234733,14051,"Ponta Delgada, Portugal",""
138,33813,13182,"Manistee/Ludington, MI","MI"
138,11780,15346,"New York, NY","NY"
136,355648,10790,"Budapest, Hungary",""
136,36887,12882,"Lakeland, FL","FL"
135,110413,11089,"Cairns, Australia",""
135,29253,11399,"Whitmore, AZ","AZ"
135,136,14316,"Pope Vanoy, AK","AK"
135,52758,15138,"Fort Leonard Wood, MO","MO"
134,616,12263,"Wichita, KS","KS"
134,208014,15237,"Chuuk, Federated States of Micronesia",""
134,596,13564,"McCarthy, AK","AK"
130,533,14736,"San Diego, CA","CA"
129,374091,12066,"Hamburg, Germany",""
127,621,11410,"Drift River, AK","AK"
127,18,13868,"Nogales, AZ","AZ"
126,2488,16346,"Clover Bay, AK","AK"
126,61250,15569,"Victoria, TX","TX"
126,162,14855,"Sitkinak, AK","AK"
125,48401,11180,"Culiacan, Mexico",""
125,1796,13575,"McCall, ID","ID"
125,111858,12876,"Luanda, Angola",""
125,4,10617,"Bishop, CA","CA"
124,5397,10663,"Princeton/Bluefield, WV","WV"
124,12184,12149,"Hickory, NC","NC"
123,3908,16278,"Port Hardy, Canada","BC"
122,24823,12375,"Kirksville, MO","MO"
121,1381,10036,"Bradley Lake, AK","AK"
121,1272,14186,"Pohnpei, Federated States of Micronesia",""
120,7581,15057,"Savannah, GA","GA"
120,1729,11394,"New Smyrna Beach, FL","FL"
119,247,10692,"Big Mountain, AK","AK"
119,0,15458,"Ukiah, CA","CA"
119,1745,11517,"Fairbanks, AK","AK"
117,566089,11070,"Casablanca, Morocco",""
117,406,11728,"Westhampton, NY","NY"
116,281,12571,"Beloit/Janesville, WI","WI"
115,112147,13388,"Mammoth Lakes, CA","CA"
115,5,10449,"Alexandria, MN","MN"
114,261,10042,"Kiluda Bay, AK","AK"
113,16661,15051,"Silver City/Hurley, NM","NM"
113,94545,14299,"Busan, South Korea",""
111,473,15604,"Moscow, Russia",""
110,36926,16322,"San Salvador, The Bahamas",""
110,117,11295,"Detroit, MI","MI"
109,450,14313,"Provideniya, Russia",""
109,271351,10750,"Bristol, United Kingdom",""
108,2341,10300,"Anderson, SC","SC"
108,41,10049,"Deep Bay, AK","AK"
108,1806,10778,"Battle Creek, MI","MI"
107,104073,14535,"Riga, Latvia",""
107,147,11825,"Farewell, AK","AK"
107,39447,12052,"Guaymas, Mexico",""
106,337,13903,"Cinder River Lodge, AK","AK"
106,33403,10621,"Bimini, The Bahamas",""
106,44558,13176,"Mayaguez, PR","PR"
105,3784,12228,"Terre Haute, IN","IN"
104,82041,13654,"Nevis, Saint Kitts and Nevis",""
104,0,13692,"Nanjing, China",""
103,177961,15215,"Tinian, TT","TT"
103,8995,12187,"Hopkinsville, KY","KY"
103,264879,11082,"Belo Horizonte, Brazil",""
103,174512,13900,"Porto, Portugal",""
102,71390,10329,"Naples, FL","FL"
102,392861,13614,"Bangkok, Thailand",""
101,80,11230,"Chatham, AK","AK"
99,0,15419,"Adana, Turkey",""
99,1097,16159,"Powell River, Canada","BC"
99,8067,15620,"Camp Douglas, WI","WI"
98,309,13908,"Vrems, AK","AK"
98,108206,13628,"Newcastle, United Kingdom",""
98,250,10005,"Little Squaw, AK","AK"
97,382,13841,"Northeast Cape, AK","AK"
97,2066,16016,"Nanaimo, Canada","BC"
97,161196,14818,"Sal Island, Cape Verde",""
97,2520,16310,"Nanaimo, Canada","BC"
96,504,15700,"Katmai Lodge, AK","AK"
95,7788,11392,"Anchorage, AK","AK"
95,25122,11126,"Culebra, PR","PR"
93,36306,15115,"Tobago, Trinidad and Tobago",""
93,57,15063,"Sparrevohn, AK","AK"
93,5764,10511,"Bryce Canyon, UT","UT"
93,142437,14250,"Pisa, Italy",""
93,105533,14451,"Praia, Cape Verde",""
92,1147,13856,"Tokyo, Japan",""
91,0,12147,"Jackson, MS","MS"
91,589231,12520,"Johannesburg, South Africa",""
91,768,15999,"Tofino, Canada","BC"
90,16296,14488,"Reading, PA","PA"
90,132,11966,"Gothenburg, Sweden",""
90,83174,12553,"Ceiba, PR","PR"
89,29752,16261,"Charlottetown, Canada","PE"
89,1049,16088,"Big Bay Marina, Canada","BC"
89,214134,14496,"Recife, Brazil",""
89,159,12583,"Trading Bay, AK","AK"
89,241,14412,"Keyes Point, AK","AK"
89,724,13772,"Whidbey Island, WA","WA"
88,227,15020,"Minneapolis/St. Paul, MN","MN"
87,373,14712,"Phoenix, AZ","AZ"
87,3827,10016,"Hallo Bay, AK","AK"
86,17518,13829,"Ogden, UT","UT"
86,1969,13536,"Kayenta, AZ","AZ"
85,339,13028,"Lonely, AK","AK"
85,190,11885,"Ganes Creek, AK","AK"
85,325,14050,"Atlanta, GA","GA"
83,66640,14991,"Salvador, Brazil",""
83,176,11327,"Delta Junction, AK","AK"
83,67388,16174,"Thunder Bay, Canada","ON"
82,521,10040,"Pogo Mines, AK","AK"
82,4231,11789,"Dallas/Fort Worth, TX","TX"
82,413,15979,"Decatur, WA","WA"
81,1290,16123,"Port McNeill, Canada","BC"
81,0,13947,"Oscoda, MI","MI"
80,947,15387,"Port Townsend, WA","WA"
80,49857,12999,"Lake Jackson, TX","TX"
80,86,13432,"Moses Point, AK","AK"
79,59872,14458,"Avarua, Cook Islands",""
79,3891,10298,"Anniston, AL","AL"
79,5208,11391,"Fort Drum, NY","NY"
78,169,14320,"Chicago, IL","IL"
78,1795,16017,"Cortes Bay, Canada","BC"
77,278,10325,"Denver, CO","CO"
76,4507,15508,"Kuparuk, AK","AK"
76,31,13246,"Manteo, NC","NC"
76,429509,10162,"Addis Ababa, Ethiopia",""
76,137,15628,"Vero Beach, FL","FL"
76,1022,11381,"Deadhorse, AK","AK"
75,438,15086,"Soldotna, AK","AK"
74,612,14551,"Bornite/Ruby Creek, AK","AK"
74,12634,13045,"Monclova, Mexico",""
74,2060,13854,"Kokomo/Logansport/Peru, IN","IN"
74,134968,13945,"Osaka, Japan",""
74,1311,12728,"Klawock, AK","AK"
74,5579,15136,"New Bight, The Bahamas",""
73,649,14028,"Pack Creek, AK","AK"
73,99994,13988,"Oxnard/Ventura, CA","CA"
72,118,11234,"Cape Yakataga, AK","AK"
72,93,12122,"Hogatza, AK","AK"
70,33,14101,"Port Huron, MI","MI"
70,689,10053,"Cape Simpson, AK","AK"
70,1,13788,"Jacksonville, FL","FL"
69,281,13731,"Newport, RI","RI"
68,8771,10655,"Brookings, SD","SD"
68,135,13771,"Mountain View, CA","CA"
67,68,11401,"Ketchikan, AK","AK"
66,26521,16051,"Fredericton, Canada","NB"
65,273,10327,"Napa, CA","CA"
65,2098,14889,"Santa Maria, Portugal",""
65,6748,14853,"San Antonio, TX","TX"
64,4871,12965,"Logan, UT","UT"
64,0,15129,"Taranto, Italy",""
64,251,15220,"Tacoma, WA","WA"
64,303,15599,"Kavik River, AK","AK"
63,4301,12483,"Grand Canyon, AZ","AZ"
63,173365,12681,"Karachi, Pakistan",""
63,13322,13559,"Mexicali, Mexico",""
62,0,13464,"Columbia, TN","TN"
62,8664,15210,"Tijuana, Mexico",""
60,3603,13307,"Muncie/Anderson/Newcastle, IN","IN"
60,55427,11208,"Cardiff, United Kingdom",""
60,63,12591,"Hog River, AK","AK"
59,171,15294,"Madrid, Spain",""
59,0,15657,"Bemidji, MN","MN"
59,0,10888,"Cumberland, MD","MD"
58,9550,12845,"Kwajalein, Marshall Islands",""
58,733,11351,"Okinawa, Japan",""
58,1418,13954,"Osan, South Korea",""
58,104,13151,"Lawrenceville, GA","GA"
57,4713,13689,"El Centro, CA","CA"
57,190,14174,"Porlamar, Venezuela",""
57,91,13192,"Sacramento, CA","CA"
56,4800,13249,"Atwater, CA","CA"
56,165,15688,"Jensens Strip, AK","AK"
56,114,12079,"Hobart Bay, AK","AK"
56,103,12155,"Holland, MI","MI"
55,126,15325,"Thermal, CA","CA"
55,86,11702,"Flat, AK","AK"
55,3076,10982,"Chandler, AZ","AZ"
55,78,10616,"Big Delta, AK","AK"
55,107,15260,"Miami, FL","FL"
55,2486,14993,"Sumter, SC","SC"
54,64,15248,"Telida, AK","AK"
54,1154,16036,"Desolation Sound, Canada","BC"
54,3209,10385,"Astoria/Seaside, OR","OR"
53,2194,13700,"San Diego, CA","CA"
53,606,10630,"Broomfield, CO","CO"
52,258,15838,"Chignik Lake, AK","AK"
52,64,13899,"Ophir, AK","AK"
52,146,11827,"Fort Lauderdale, FL","FL"
52,1355,16141,"Old Crow, Canada","YT"
51,3624,10347,"New Iberia, LA","LA"
51,52058,10448,"Armenia, Colombia",""
50,229,13261,"Macau, Macau",""
50,90504,10205,"Malaga, Spain",""
50,1,11938,"Gaylord, MI","MI"
50,53,13226,"Middleton Island, AK","AK"
50,104454,11671,"Apia, Samoa",""
49,134,11215,"Vancouver, Canada","BC"
49,1966,12131,"Ogden, UT","UT"
48,48,10050,"Kako, AK","AK"
48,907,12647,"Kodiak, AK","AK"
48,14,12685,"Khabarovsk, Russia",""
47,42723,11380,"Denpasar, Indonesia",""
47,0,13301,"Holland, MI","MI"
46,5,11659,"Findlay, OH","OH"
46,18769,14162,"Palmdale, CA","CA"
46,0,11430,"Denton, TX","TX"
46,1143,10478,"Westfield, MA","MA"
45,3681,13077,"Columbus, GA","GA"
45,1667,10856,"Brize Norton, United Kingdom",""
45,175,14182,"Philadelphia, PA","PA"
45,170,10991,"Circle Hot Springs, AK","AK"
44,24762,14664,"Rzeszow, Poland",""
44,49,13681,"Ninilchik, AK","AK"
44,3560,11123,"St. Louis, MO","MO"
43,0,12955,"LaGrange, GA","GA"
43,78005,13604,"Naples, Italy",""
43,2422,12947,"Newport News/Hampton, VA","VA"
43,0,11279,"Roseau, Dominica",""
42,118,16353,"North Kingstown, RI","RI"
42,58249,14168,"Palermo, Italy",""
42,0,15163,"Roxboro, NC","NC"
42,952,16334,"Rota, Spain",""
42,229,11675,"Fishers Island, NY","NY"
42,1466,15211,"Oklahoma City, OK","OK"
42,10,10834,"Boundary, AK","AK"
42,15412,10470,"Samana, Dominican Republic",""
42,27,12622,"Bell Island, AK","AK"
42,12167,16417,"Tuxtla Gutierrez, Mexico",""
41,74,15069,"Seward, AK","AK"
41,3615,15431,"Utica/Rome, NY","NY"
41,0,11396,"Georgetown, KY","KY"
40,40727,15897,"West Yellowstone, MT","MT"
40,1870,16095,"Stephenville, Canada","NL"
40,3491,11673,"Fort Huachuca, AZ","AZ"
40,717,13255,"Mansfield, OH","OH"
40,2275,10476,"Shreveport, LA","LA"
40,10218,13850,"Okinawa, Japan",""
40,2437,14132,"Petropavlovsk-Kamchatsky, Russia",""
39,108,12108,"Hartford, CT","CT"
39,117,11756,"Fort Glenn, AK","AK"
39,112,10815,"Beverly, MA","MA"
39,459,16204,"Sullivan Bay, Canada","BC"
39,160,13984,"Norwood, MA","MA"
38,90,10039,"Ivotuk, AK","AK"
38,1653,13936,"Orlando, FL","FL"
38,155,15515,"Lik Camp, AK","AK"
38,180,10519,"Boca Raton, FL","FL"
38,0,15978,"Ashland, OR","OR"
38,0,11282,"Decatur, AL","AL"
38,259,15846,"Steamboat Bay, AK","AK"
37,6080,15303,"Toyama, Japan",""
37,0,13081,"Las Piedras, Venezuela",""
37,1497,11344,"Tucson, AZ","AZ"
37,1901,15839,"Macon, GA","GA"
37,2256,14009,"Panama City, FL","FL"
36,3,13587,"Marana, AZ","AZ"
36,220,16081,"Sechelt, Canada","BC"
36,83584,10646,"Bangkok, Thailand",""
36,6,10867,"Cadillac, MI","MI"
36,5,14258,"Dublin, VA","VA"
36,1652,10670,"Belmar/Farmingdale, NJ","NJ"
36,330,10065,"Silver Salmon Creek, AK","AK"
35,0,15343,"Tianjin, China",""
35,60,12778,"Napamute, AK","AK"
35,0,10380,"Talladega, AL","AL"
35,5672,16208,"La Macaza, Canada","QC"
34,79,13911,"Meshik, AK","AK"
34,37,10015,"Deadmans Bay, AK","AK"
34,286,15339,"Tanacross, AK","AK"
34,60,16339,"Illinois Creek, AK","AK"
34,128,11681,"Karlsruhe/Baden-Baden, Germany",""
34,24,10556,"Blue Fox Bay, AK","AK"
34,1565,13525,"Mountain Home, ID","ID"
34,66,11822,"Deadhorse, AK","AK"
34,163,11106,"Concord, NH","NH"
33,1225,14475,"Rapid City, SD","SD"
33,41113,15497,"St. Augustine, FL","FL"
33,33,11947,"Greenville, SC","SC"
33,99,10084,"Homer, AK","AK"
32,2440,15734,"Enid, OK","OK"
32,71,10096,"Petrof Point, AK","AK"
32,47,12054,"Goodyear, AZ","AZ"
32,1347,11403,"Peach Springs, AZ","AZ"
32,51918,13966,"Bucharest, Romania",""
32,2653,15598,"Virgin Gorda, British Virgin Islands",""
32,5152,13481,"Manston, United Kingdom",""
32,20672,11730,"Fortaleza, Brazil",""
32,162,11878,"Grand Turk, Turks and Caicos Islands",""
32,73,14972,"Sequim, WA","WA"
32,1502,10884,"Cayenne, French Guiana",""
31,60,15170,"Tetlin, AK","AK"
31,2106,15014,"St. Joseph, MO","MO"
31,384,12211,"Las Vegas, NV","NV"
31,0,10111,"Deadfall, AK","AK"
31,535,13506,"Mattoon/Charleston, IL","IL"
31,127,12064,"Hannover, Germany",""
31,2315,15144,"Tonga Tapu, Tonga",""
31,39956,11432,"Detroit, MI","MI"
31,72674,13784,"New York, NY","NY"
30,161,11961,"New London/Groton, CT","CT"
30,892,15825,"Lake Charles, LA","LA"
30,2663,16050,"Iqaluit, Canada","NU"
30,6,11816,"Latacunga, Ecuador",""
30,1289,11750,"Dry Bay, AK","AK"
30,383,10198,"Pittsburgh, PA","PA"
29,195,10085,"Chinitna Bay, AK","AK"
29,409,16106,"Toronto, Canada","ON"
29,88,11008,"Council, AK","AK"
29,0,11994,"Goshen, IN","IN"
29,98,14715,"Smith Cove, AK","AK"
28,375,10860,"Lake Simcoe, Canada","ON"
28,2189,11631,"Fajardo, PR","PR"
28,1322,11200,"Clovis, NM","NM"
28,1040,13195,"Tampa, FL","FL"
28,968,12163,"Alamogordo, NM","NM"
28,2053,13072,"Las Cruces, NM","NM"
28,24058,10673,"Bologna, Italy",""
27,58,16211,"Tofino, Canada","BC"
27,87,10809,"Beaver Inlet, AK","AK"
27,7162,14938,"Pinehurst/Southern Pines, NC","NC"
27,326,14091,"Peach Springs, AZ","AZ"
27,85,15527,"47-Mile Mine, AK","AK"
27,0,15906,"Chalons-En-Champagne, France",""
27,13168,16096,"Kamloops, Canada","BC"
27,3400,13756,"Port Hueneme, CA","CA"
27,55,10612,"Big Creek, AK","AK"
27,132,13940,"Northway, AK","AK"
27,53,12712,"Karluk Lake, AK","AK"
27,0,13470,"Morganton, NC","NC"
26,304,13949,"Oshkosh, WI","WI"
26,874,16029,"Dawson City, Canada","YT"
26,1812,14180,"Ponca City, OK","OK"
26,1525,13732,"Millington, TN","TN"
26,314,12021,"Peru, IN","IN"
26,10,15693,"Katmai Bay, AK","AK"
26,149,12248,"Hawk Inlet, AK","AK"
26,9,10762,"Mulhouse, France",""
26,0,15363,"Tucuman, Argentina",""
25,42,12642,"Colorado Creek, AK","AK"
25,49,12279,"Icy Bay, AK","AK"
25,35418,15606,"Valencia, Spain",""
25,4876,12922,"Tarbes/Lourdes/Pyrenees, France",""
25,53,10069,"Bear Lake, AK","AK"
25,0,15534,"Lorain/Elyria, OH","OH"
25,425,14236,"Paso Robles, CA","CA"
25,1309,13483,"Misawa, Japan",""
25,0,12243,"Hopkinsville, KY","KY"
25,348,16567,"Akun, AK","AK"
24,100,10076,"Yukon Charley Rivvers, AK","AK"
24,137,10543,"Benton Harbor/St. Joseph, MI","MI"
24,0,12545,"New York, NY","NY"
24,74,14572,"Renton, WA","WA"
24,839,14646,"Ruidoso, NM","NM"
24,42,12711,"Kalakaket, AK","AK"
24,966,15108,"Knob Noster, MO","MO"
24,0,13409,"Marinette, MI","MI"
24,42,15650,"Chelan, WA","WA"
23,7270,14924,"Santa Clara, Cuba",""
23,180,15090,"Shemya, AK","AK"
23,650,12745,"Kanab, UT","UT"
23,12577,11281,"Finningley, United Kingdom",""
23,1380,13736,"Key West, FL","FL"
23,1946,11225,"Cayman Brac, Cayman Islands",""
23,468,15730,"Whalers Cove Lodge, AK","AK"
23,34,15749,"Winchester, VA","VA"
23,0,13825,"Norfolk, NE","NE"
23,58,13865,"Olympia, WA","WA"
22,19,15807,"Willow, AK","AK"
22,1304,11152,"Clinton, OK","OK"
21,22,14756,"Seymour, IN","IN"
21,21,11820,"Grace Harbor, AK","AK"
21,57,10074,"Cape Sarichef, AK","AK"
21,0,13399,"Malmo, Sweden",""
21,651,13273,"Marietta, GA","GA"
21,97,15030,"Stuart, FL","FL"
21,1787,11015,"Canouan, Saint Vincent and the Grenadines",""
21,115,13662,"Kaneohe, HI","HI"
20,0,10838,"Blytheville, AR","AR"
20,3047,16253,"Abbotsford, Canada","BC"
20,21888,10386,"Asuncion, Paraguay",""
20,59,12686,"Ivanof Bay, AK","AK"
20,718,11668,"Dayton, OH","OH"
20,175,13299,"Mildenhall, United Kingdom",""
20,109,10545,"Belem, Brazil",""
20,70,14577,"Rogers, AR","AR"
20,100,14530,"Rifle, CO","CO"
20,67,10419,"Auburn, AL","AL"
20,142,15081,"Berlin, Germany",""
20,16,12200,"Hoquiam, WA","WA"
19,49,11899,"Glens Falls, NY","NY"
19,685,16142,"Cold Lake, Canada","AB"
19,119,16136,"Nootka Sound, Canada","BC"
19,468,10093,"Cape Simpson, AK","AK"
19,36271,13143,"Lyon, France",""
19,49,15447,"Waukegan, IL","IL"
19,924,13498,"Mt. Clemens, MI","MI"
19,134,10224,"Aiken, SC","SC"
19,50,13505,"Baltimore, MD","MD"
19,5218,16250,"Prince George, Canada","BC"
19,66,13418,"Manassas, VA","VA"
19,0,11090,"Waco, TX","TX"
19,71,11842,"Gaithersburg, MD","MD"
19,400,15481,"Oxford, MS","MS"
19,18,10056,"Kodiak Island, AK","AK"
19,27942,16020,"Cape Saint James, Canada","BC"
19,24,13228,"Medfra, AK","AK"
18,13,11086,"Chino, CA","CA"
18,28942,10981,"Christchurch, New Zealand",""
18,1502,13612,"New Orleans, LA","LA"
18,2720,11770,"Flores, Guatemala",""
18,0,10003,"Granite Mountain, AK","AK"
18,43,10629,"Biloxi, MS","MS"
18,193,13655,"New Orleans, LA","LA"
18,23,12993,"Livengood, AK","AK"
18,0,10004,"Lik, AK","AK"
18,1174,15561,"Lompoc, CA","CA"
18,0,10317,"Lima, OH","OH"
18,693,13304,"Minot, ND","ND"
18,51,11790,"Atlanta, GA","GA"
18,717,13234,"Midway Island, TT","TT"
18,79,15936,"Yantarni Bay, AK","AK"
18,63,11592,"Easton, MD","MD"
18,58,12944,"Lewiston/Auburn, ME","ME"
17,0,15929,"South Caicos, Turks and Caicos Islands",""
17,2303,16240,"Cranbrook, Canada","BC"
17,1019,11459,"Abilene, TX","TX"
17,0,15275,"Dyersburg, TN","TN"
17,128,16063,"Greenway Sound, Canada","BC"
17,250,16049,"Inuvik, Canada","NT"
17,66,10857,"Camarillo, CA","CA"
17,986,14767,"Sondre Stromfjord, Greenland",""
17,4742,16121,"Fort McMurray, Canada","AB"
17,605,14721,"Santiago de Compostela, Spain",""
17,3651,13018,"Los Mochis, Mexico",""
16,5205,10669,"Billund, Denmark",""
16,7,12576,"Jackson, MI","MI"
16,12283,14470,"Fort Jefferson, FL","FL"
16,612,11824,"Fort Worth, TX","TX"
16,8783,13472,"Marseille, France",""
16,5,12103,"Hermiston, OR","OR"
16,0,14636,"Rotuma, Fiji",""
16,60,14695,"Sheboygan, WI","WI"
16,722,16347,"El Capitan, AK","AK"
16,148,11771,"Bishkek, Kyrgyzstan",""
16,0,11567,"Ephrata/Moses Lake, WA","WA"
16,55,12307,"De Kalb, IL","IL"
16,40,11493,"Keene, NH","NH"
16,59,15427,"Chatham, MA","MA"
15,1,15271,"Sparta, TN","TN"
15,3536,12735,"Kumamoto, Japan",""
15,109,14792,"Sugar Land, TX","TX"
15,58,14332,"Plymouth, MA","MA"
15,1065,16273,"Yellowknife, Canada","NT"
15,326,15559,"Vava'u, Tonga",""
15,376,13572,"Marble Canyon, AZ","AZ"
15,42,14713,"Schenectady, NY","NY"
15,5,16189,"Sherbrooke, Canada","QC"
15,0,16507,"Cheongju, South Korea",""
15,2717,15123,"Takamatsu, Japan",""
15,58,14672,"Sacramento, CA","CA"
15,0,13624,"North Caicos, Turks and Caicos Islands",""
15,54,12394,"Wiscasset, ME","ME"
15,200,14691,"San Bernardino, CA","CA"
15,79,13910,"Mels, AK","AK"
14,6,11564,"Kenosha, WI","WI"
14,20,13283,"Dayton, OH","OH"
14,846,11518,"Eindhoven, Netherlands",""
14,0,10110,"Akulik, AK","AK"
14,3576,15645,"Vladivostok, Russia",""
14,78,11000,"Rome, Italy",""
14,50,15656,"Saratoga Springs, NY","NY"
14,41,12916,"Laconia, NH","NH"
14,199,13765,"Nuremberg, Germany",""
14,50,11456,"Danbury, CT","CT"
14,0,14965,"Santa Ynez, CA","CA"
14,1290,16566,"Jean, NV","NV"
14,35,10374,"Nashua, NH","NH"
14,11468,14111,"Nassau/Paradise Island, The Bahamas",""
14,22,15203,"York, PA","PA"
14,0,13537,"Mount Vernon, IL","IL"
13,357,13359,"Malta, Malta",""
13,60,13478,"Grenada, MS","MS"
13,217,10569,"Beaufort, SC","SC"
13,5958,15483,"Uruapan, Mexico",""
13,1824,12193,"Balboa, Panama",""
13,491,11992,"Goldsboro, NC","NC"
13,48,10948,"Chena Hot Springs, AK","AK"
13,38,11732,"Fort Pierce, FL","FL"
13,632,13824,"Omaha, NE","NE"
13,31,10309,"Annapolis, MD","MD"
13,671,11560,"Comayagua, Honduras",""
13,79,13783,"Oneonta, NY","NY"
13,595,13063,"Jacksonville, AR","AR"
13,2473,15707,"Stehekin, WA","WA"
13,5,11501,"Chenega, AK","AK"
13,2107,13573,"Matsuyama, Japan",""
13,0,11688,"Chipley, FL","FL"
13,37,14255,"Pittsfield, MA","MA"
13,2379,15708,"Chelan, WA","WA"
12,423,10092,"Cape Simpson, AK","AK"
12,273,13297,"Mojave, CA","CA"
12,11,10006,"Kizhuyak, AK","AK"
12,255,13763,"Oceana, VA","VA"
12,8659,15181,"Tenerife, Spain",""
12,3,11159,"Crossville, TN","TN"
12,42,12404,"Niue Island, Niue",""
12,14496,13719,"Connaught, Ireland",""
12,8,15671,"Granite Creek Mine, AK","AK"
12,13,10008,"Elizabeth Island, AK","AK"
12,2842,11605,"St. Eustatius, Netherlands Antilles",""
12,9,10024,"Bell Creek, AK","AK"
12,26,14744,"Sedona, AZ","AZ"
12,50,16057,"Gorge Harbor, Canada","BC"
12,52,14996,"Brunswick, GA","GA"
12,147,10465,"Glendale, AZ","AZ"
12,2451,12739,"Komatsu, Japan",""
12,651,15550,"Valdosta, GA","GA"
12,46,15530,"Bay St. Louis, MS","MS"
12,12,13366,"Mulhouse, France",""
12,0,14865,"Sandusky, OH","OH"
11,112,13754,"Sigonella, Italy",""
11,68,12086,"Shoal Cove, AK","AK"
11,10,11448,"Davenport, IA","IA"
11,60,13507,"Montauk Point, NY","NY"
11,55,10735,"Bartlett Cove, AK","AK"
11,3852,10633,"Banjul, The Gambia",""
11,19,10072,"Ivatuk, AK","AK"
11,66,16216,"Tuktoyaktuk, Canada","NT"
11,203,14618,"Mary Esther, FL","FL"
11,50,12987,"Milan, Italy",""
11,394,15881,"Wasilla, AK","AK"
11,14,11450,"Phoenix, AZ","AZ"
11,524,15256,"Toulouse, France",""
11,60,10167,"Ardmore, OK","OK"
11,7,11566,"Keokuk, IA","IA"
11,28,14610,"Harbor Springs, MI","MI"
11,53,15769,"Lancaster, CA","CA"
11,0,15602,"Vitoria, Spain",""
11,109,11043,"Clear, AK","AK"
11,4803,13746,"Bimini, The Bahamas",""
11,14,10087,"Nanwalek, AK","AK"
11,60,14554,"Rome, GA","GA"
11,1640,15326,"Turin, Italy",""
11,317,13674,"Brunswick, ME","ME"
11,83,10091,"Cape Simpson, AK","AK"
11,25,10190,"Nebraska, NE","NE"
11,54,13493,"Monticello, NY","NY"
11,698,16191,"Saint John, Canada","NB"
11,39,15228,"Talkeetna, AK","AK"
11,20,15830,"Naknek, AK","AK"
10,25,11035,"Clarksville, TN","TN"
10,17,11523,"Elkhart, IN","IN"
10,0,13410,"Marion, OH","OH"
10,13,10026,"Mountaintop Mine, AK","AK"
10,44,16162,"Muskoka, Canada","ON"
10,23,13125,"Lawrence, MA","MA"
10,353,15687,"Los Alamitos, CA","CA"
10,6,16581,"Gold King 2, AK","AK"
10,50,15338,"Venice, Italy",""
10,23143,14799,"Shanghai, China",""
10,102,11098,"Coeur d'Alene, ID","ID"
10,15,15523,"Calder Bay, AK","AK"
10,45,10035,"Driftwood Bay, AK","AK"
10,593,15183,"Tenerife, Spain",""
10,389,12216,"Homestead, FL","FL"
10,2,13491,"Maastricht, Netherlands",""
10,0,13431,"Morristown, TN","TN"
10,10,11803,"Wickenburg, AZ","AZ"
10,25,13450,"Montpelier/Barre, VT","VT"
10,146,15054,"Statesville, NC","NC"
10,445,14769,"Sanford, ME","ME"
10,0,10480,"Manama, Bahrain",""
10,371,10560,"Aurora, CO","CO"
10,340,13739,"Mayport, FL","FL"
10,7,16156,"Peterborough, Canada","ON"
10,0,11991,"Graz, Austria",""
10,110,15383,"Lake Tahoe, CA","CA"
10,91,12136,"Hillsboro, OR","OR"
10,796,14220,"Puerto Penasco, Mexico",""
9,39,13057,"Little Port Walter, AK","AK"
9,0,11652,"Colorado Springs, CO","CO"
9,16,10965,"Cleveland, OH","OH"
9,30,13152,"Edgartown, MA","MA"
9,0,12028,"Gainesville, GA","GA"
9,923,14206,"Port Moresby, Papua New Guinea",""
9,2796,13592,"Manzanillo, Cuba",""
9,22,13672,"Northolt, United Kingdom",""
9,24,14415,"Sealing Point, AK","AK"
9,33,14212,"Poughkeepsie, NY","NY"
9,27,12639,"Chernofski, AK","AK"
9,561,15548,"Leesburg, VA","VA"
9,1098,13728,"Pensacola, FL","FL"
9,8,15680,"Frazer Lake, AK","AK"
9,0,10094,"Aglaq, AK","AK"
9,12,14447,"Racine, WI","WI"
9,10,13117,"Livermore, CA","CA"
9,15,16454,"Hamilton, NY","NY"
9,63,16542,"Walterboro, SC","SC"
9,20,16441,"Plainville, CT","CT"
9,140,15060,"Seville, Spain",""
9,584,14848,"Spokane, WA","WA"
9,1863,14922,"Salinas/Monterey, CA","CA"
9,34,13599,"North Adams, MA","MA"
9,17,10025,"Cinnabar, AK","AK"
9,660,14706,"Beaufort, SC","SC"
9,0,15980,"Lake City, FL","FL"
9,3,15676,"Marvel Creek Mine, AK","AK"
9,326,13102,"Phoenix, AZ","AZ"
8,47,15659,"Parker, AZ","AZ"
8,0,14251,"Philipsburg, PA","PA"
8,1900,12414,"Iwo Jima, Japan",""
8,229,12933,"St. Petersburg, Russia",""
8,11,10223,"Anderson, IN","IN"
8,34,16540,"Belfast, ME","ME"
8,0,15918,"Marmande, France",""
8,1523,12167,"Hanamaki, Japan",""
8,4,14430,"Peachtree City, GA","GA"
8,43670,13664,"Nagoya, Japan",""
8,0,15435,"Darlington, SC","SC"
8,869,13221,"Carbondale, IL","IL"
8,10,11627,"Murrieta/Temecula, CA","CA"
8,224,14196,"Porto Alegre, Brazil",""
8,7,16428,"Marble Canyon, AZ","AZ"
8,213,15221,"Titusville, FL","FL"
8,1,13314,"Miami, OK","OK"
8,9,12460,"Olathe, KS","KS"
8,239,15505,"Utapao, Thailand",""
8,0,13926,"Gleneden, OR","OR"
8,0,15244,"Turku, Finland",""
8,53,14318,"Oklahoma City, OK","OK"
8,4382,10144,"Abuja, Nigeria",""
8,35,16478,"Lebel-sur-Quevillon, Canada","QC"
8,20,12388,"Orlando, FL","FL"
8,0,13129,"Lawrenceville, IL","IL"
8,0,14424,"Woodlake, CA","CA"
8,2091,11781,"Shizuoka, Japan",""
8,1371,10452,"Akita, Japan",""
8,21,10010,"Hudson, NY","NY"
7,0,12863,"Madisonville, KY","KY"
7,0,16286,"Zaragoza, Spain",""
7,1,10014,"Fairbanks/Ft. Wainwright, AK","AK"
7,0,10999,"Chiloquin, OR","OR"
7,372,16004,"Saguenay, Canada","QC"
7,39,10538,"Bandon, OR","OR"
7,0,10993,"Chateauroux, France",""
7,106,15509,"Yuzhno-Sakhalinsk, Russia",""
7,50,13480,"Mesa, AZ","AZ"
7,0,14464,"Ugashik, AK","AK"
7,26,10256,"Almaty, Kazakhstan",""
7,1288,12763,"Kagoshima, Japan",""
7,16,12068,"Hamilton, OH","OH"
7,4,10811,"Bartlesville, OK","OK"
7,0,13554,"Maxton, NC","NC"
7,533,11418,"Finningley, United Kingdom",""
7,23,12476,"Jersey, United Kingdom",""
7,0,15165,"Toledo, OH","OH"
7,560,14682,"San Andros, The Bahamas",""
7,249,10642,"Brooks Lake, AK","AK"
7,24,13008,"Lake Placid, NY","NY"
7,20,11740,"Snettisham, AK","AK"
7,6,10041,"Ayakulik River, AK","AK"
7,21,11883,"Georgetown, DE","DE"
7,4,16343,"Lancaster Cove, AK","AK"
7,0,12260,"Shenandoah, IA","IA"
7,605,12369,"Iquitos, Peru",""
7,12,13463,"Martinsburg, WV","WV"
7,28,11219,"Conroe, TX","TX"
7,1561,10242,"Asahikawa, Japan",""
7,0,14283,"Porterville, CA","CA"
7,8,12039,"Greenwood, MS","MS"
7,22,10033,"Alpine, AK","AK"
7,35,13321,"Millville, NJ","NJ"
7,15,15690,"Stepovak, AK","AK"
7,161,11490,"Edwards, CA","CA"
6,0,10209,"Ciudad del Este, Paraguay",""
6,0,15195,"Tullahoma, TN","TN"
6,234,10474,"Marysville, CA","CA"
6,9,12599,"Bennington, VT","VT"
6,1497,12883,"Los Alamos, NM","NM"
6,167,10106,"Bradley Lake Project, AK","AK"
6,26,16328,"Tahsis, Canada","BC"
6,12,10082,"Cold Bay, AK","AK"
6,6,12861,"Mount Sterling, KY","KY"
6,4,15981,"Mena, AR","AR"
6,0,10454,"Wapakoneta, OH","OH"
6,0,14133,"Park Rapids, MN","MN"
6,0,16456,"Jebel Ali, United Arab Emirates",""
6,0,12836,"Gunsan, South Korea",""
6,179,16443,"Cabo San Lucas, Mexico",""
6,185,12347,"Indian Springs, NV","NV"
6,31,14400,"Mansfield, MA","MA"
6,2,10844,"Blakely Island, WA","WA"
6,43,16213,"Trenton, Canada","ON"
6,19,14044,"Princeton, NJ","NJ"
6,10,16498,"Skaneateles, NY","NY"
6,222,16179,"Sydney, Canada","NS"
6,4701,13051,"Liverpool, United Kingdom",""
6,222,16269,"Kapuskasing, Canada","ON"
6,0,16139,"Yantai, China",""
6,299,10439,"Wake Island, TT","TT"
6,1224,13447,"McPherson, KS","KS"
6,0,12701,"Krasnojarsk, Russia",""
6,157,14166,"Palma Mallorca, Spain",""
6,17,12070,"Harrisburg, PA","PA"
6,359,13555,"Montgomery, AL","AL"
6,0,10285,"Durango, CO","CO"
6,33,13958,"Columbus, OH","OH"
6,0,10946,"Connersville, IN","IN"
6,494,13259,"Mesquite, NV","NV"
6,275,13748,"Camp Springs, MD","MD"
6,0,10075,"Taylor Mountain Mine, AK","AK"
6,1559,12142,"Hakodate, Japan",""
6,424,16580,"Qugruc, AK","AK"
6,1138,12734,"Miyazaki, Japan",""
6,0,11204,"Curitiba, Brazil",""
6,25,12914,"A Coruna, Spain",""
6,880,10712,"Bournemouth, United Kingdom",""
6,1517,10319,"Aomori, Japan",""
6,25,16543,"Northampton, MA","MA"
6,26,13860,"Olbia, Italy",""
6,30,12344,"Innsbruck, Austria",""
5,24,10504,"Blue Bell, PA","PA"
5,2,11819,"Golden Creek Mine, AK","AK"
5,0,14994,"Malabo, Equatorial Guinea",""
5,11,13685,"Berlin, NJ","NJ"
5,296,12895,"Leeds/Bradford, United Kingdom",""
5,0,15705,"Medical Lake, WA","WA"
5,307,10463,"Grand Canyon, AZ","AZ"
5,23,10746,"Berne, Switzerland",""
5,163,13671,"Patuxent River, MD","MD"
5,18,14735,"Sundsvall, Sweden",""
5,43,16061,"Kingston, Canada","ON"
5,19,11486,"Edenton, NC","NC"
5,4,15939,"Jerome, ID","ID"
5,5,16194,"Salmon Arm, Canada","BC"
5,0,13010,"Lakenheath, United Kingdom",""
5,1430,15428,"Ube, Japan",""
5,5,10482,"Baku, Azerbaijan",""
5,15,16279,"Sept-Iles, Canada","QC"
5,47,12474,"Jefferson City, MO","MO"
5,6,15547,"Marion/Wytheville, VA","VA"
5,13,12154,"Hollister, CA","CA"
5,17,14810,"Shelton, WA","WA"
5,15,15678,"Mush Bay, AK","AK"
5,80,10958,"Clifton, AZ","AZ"
5,664,11138,"Luzon Island, Philippines",""
5,4,15850,"San Juan, AK","AK"
5,1213,12644,"Kochi, Japan",""
5,649,11620,"Exeter, United Kingdom",""
5,904,12710,"Kitakyushu, Japan",""
5,2,10027,"Whitebear, AK","AK"
5,29,10678,"Stockholm, Sweden",""
5,0,16505,"Fairbanks, AK","AK"
5,15,14686,"Istanbul, Turkey",""
5,0,10107,"Barrow, AK","AK"
5,0,15941,"Aztec, NM","NM"
5,0,11840,"Gadsden, AL","AL"
5,1,10097,"Denali, AK","AK"
5,36,15106,"Salzburg, Austria",""
5,16,15835,"David River, AK","AK"
5,0,15973,"Lakeport, CA","CA"
5,14,15529,"Fitchburg, MA","MA"
5,9,15440,"Waukesha, WI","WI"
5,0,15283,"Tainan, Taiwan",""
5,0,15511,"Uvalde, TX","TX"
5,40,10427,"Aurora, IL","IL"
5,1,15202,"Thule, Greenland",""
5,78,14185,"Phnom Penh, Cambodia",""
5,0,12378,"Sturgis, MI","MI"
5,133,11709,"Falmouth, MA","MA"
5,82,11335,"Del Rio, TX","TX"
5,849,13803,"Obihiro, Japan",""
5,22,11359,"Dalton, GA","GA"
5,19,14778,"Smithfield, RI","RI"
5,12,13338,"Toms River, NJ","NJ"
5,0,14435,"San Marcos, TX","TX"
5,284,15318,"Trondheim, Norway",""
5,29,16080,"Harrington Harbour, Canada","QC"
5,19,11773,"Fryeburg, ME","ME"
5,17,16503,"Islesboro, ME","ME"
5,3,14208,"Polk Inlet, AK","AK"
5,399,16175,"Grande Prairie, Canada","AB"
5,0,11527,"Bessemer, AL","AL"
5,0,10814,"Batesville, AR","AR"
5,7447,15312,"Tarapoto, Peru",""
5,0,12001,"Genting, Malaysia",""
5,0,13920,"Shirleyville, AK","AK"
5,11,11862,"Great Barrington, MA","MA"
5,18,12587,"Portland, TN","TN"
5,0,10109,"Barrow, AK","AK"
5,19,13458,"Mustique, Saint Vincent and the Grenadines",""
5,0,10159,"Adana, Turkey",""
5,6,10730,"London, United Kingdom",""
4,16,10149,"Bellaire, MI","MI"
4,1,10052,"Ptarmigan Lake, AK","AK"
4,9,12920,"London, United Kingdom",""
4,14,13781,"Kingston, NY","NY"
4,0,11667,"Fergus Falls, MN","MN"
4,0,12236,"Hutchinson, KS","KS"
4,13,15879,"Augusta/Waterville, ME","ME"
4,9,10591,"Belfast, United Kingdom",""
4,0,12824,"Katowice, Poland",""
4,2,10952,"Cabo Frio, Brazil",""
4,0,12338,"Yinchuan, China",""
4,108,15477,"Union Island, Saint Vincent and the Grenadines",""
4,164,14453,"Marrakech, Morocco",""
4,95,16168,"Yarmouth, Canada","NS"
4,0,12305,"Rantoul, IL","IL"
4,0,10261,"Algiers, Algeria",""
4,0,16509,"Sevierville, TN","TN"
4,25,11377,"Dugway, UT","UT"
4,435,13390,"Matsumoto, Japan",""
4,8,10971,"Zhengzhou, China",""
4,143,16501,"Madison, CT","CT"
4,0,15299,"Torrington, WY","WY"
4,0,10064,"Wien Lake, AK","AK"
4,0,13794,"Bagram, Afghanistan",""
4,5,13965,"Ottumwa, IA","IA"
4,5,14927,"Sidney, NE","NE"
4,112,15596,"El Vigia, Venezuela",""
4,867,12115,"Hangzhou, China",""
4,0,14764,"Spokane, WA","WA"
4,8,15467,"Umnak, AK","AK"
4,0,13928,"Orebro, Sweden",""
4,82,14749,"San Diego, CA","CA"
4,57,10464,"Williams, AZ","AZ"
4,397,15627,"Varadero, Cuba",""
4,11,13802,"Oberpfaffenhofen, Germany",""
4,92,16103,"Yakutsk, Russia",""
4,122,16422,"Gulf Shores, AL","AL"
4,3,12183,"Holikachuk, AK","AK"
4,1,11954,"Genoa, Italy",""
4,23,10927,"Caldwell, NJ","NJ"
4,5,12306,"Chicago/Romeoville, IL","IL"
4,1,13201,"McKinley Park, AK","AK"
4,0,12862,"Henderson, KY","KY"
4,1233,13666,"Nagasaki, Japan",""
4,0,11942,"Glasgow, KY","KY"
4,8,11632,"False Island, AK","AK"
4,0,14053,"Piedras Negras, Mexico",""
4,3,11993,"Gothenburg, Sweden",""
4,23,14670,"Saratoga, WY","WY"
4,17,11828,"Kaktovik, AK","AK"
4,99,14785,"Springfield, OH","OH"
4,0,12336,"Auburn, IN","IN"
4,1,11526,"Elizabethtown, KY","KY"
4,296,12798,"Kosrae, Federated States of Micronesia",""
4,0,11614,"Evreux, France",""
4,15,13047,"Las Palmas, Spain",""
4,0,11870,"Greeneville, TN","TN"
4,9,14003,"Paderborn, Germany",""
4,0,10302,"Antofagasta, Chile",""
4,42,13656,"Fallon, NV","NV"
4,0,10108,"Barrow, AK","AK"
4,0,15525,"Petaluma, CA","CA"
4,131,14490,"Red River, ND","ND"
4,0,10715,"Brookings, OR","OR"
4,7,11034,"Cordova, AK","AK"
4,0,11607,"Evenes, Norway",""
4,0,15877,"Watsonville, CA","CA"
4,15,10818,"Braunschweig, Germany",""
4,9,15822,"Peard Bay, AK","AK"
4,162,14626,"Rock Sound, The Bahamas",""
4,6,15254,"Toulon/Hyeres, France",""
4,2,15681,"Afognak Straits, AK","AK"
4,11,10542,"Belgrade, Serbia",""
4,16,13549,"Middletown, OH","OH"
4,98,14575,"Monrovia, Liberia",""
4,23,16295,"Bella Bella, Canada","BC"
4,14,15351,"Troutdale, OR","OR"
4,0,12317,"Ankeny, IA","IA"
4,4,11811,"Aurora, OR","OR"
4,13,14089,"Pagosa Springs, CO","CO"
4,3,10080,"Viekoda Bay, AK","AK"
4,135,14988,"Salisbury, NC","NC"
4,6,15631,"Verona, Italy",""
4,11,10910,"Concord, CA","CA"
4,0,13389,"Athens, TN","TN"
4,0,15950,"Iwakuni, Japan",""
4,882,14395,"Kona Village, HI","HI"
3,3,15280,"Tangier, Morocco",""
3,22,16572,"Searchlight, NV","NV"
3,117,11117,"Campeche, Mexico",""
3,14,16172,"Comox, Canada","BC"
3,0,15466,"Ulyanovsk, Russia",""
3,32,15992,"Sault Ste. Marie, Canada","ON"
3,0,13397,"Columbia, SC","SC"
3,0,15399,"Post, TX","TX"
3,3,14413,"Nimiuk Point, AK","AK"
3,524,13384,"Memanbetsu, Japan",""
3,0,14954,"Spangdahlem, Germany",""
3,247,14803,"Shenyang, China",""
3,145,11355,"Dallas/Fort Worth, TX","TX"
3,2,10044,"Selief Bay, AK","AK"
3,7,11402,"Haines, AK","AK"
3,8,16479,"Montague, MA","MA"
3,0,10825,"Blaine, WA","WA"
3,0,16364,"Panama City, Panama",""
3,132,11016,"Chiclayo, Peru",""
3,612,12590,"San Clemente Island, CA","CA"
3,5,10307,"Annette, AK","AK"
3,10,10436,"Tucson, AZ","AZ"
3,2,14279,"Pleasant Harbour, AK","AK"
3,669,11685,"Fukushima, Japan",""
3,20,16056,"Gillies Bay, Canada","BC"
3,1,16490,"Bear Fish Camp, AK","AK"
3,137,15930,"Tonopah, NV","NV"
3,2,11538,"Ellensburg, WA","WA"
3,0,15372,"Tunis, Tunisia",""
3,5,13621,"Shelby, NC","NC"
3,813,13847,"Oita, Japan",""
3,74,15011,"Starkville, MS","MS"
3,0,15272,"Lewisburg, TN","TN"
3,864,12911,"Larnaca, Cyprus",""
3,707,10710,"Bordeaux, France",""
3,6,16524,"Petersburg, WV","WV"
3,4,10086,"McKinley Park, AK","AK"
3,487,16408,"Tokyo, Japan",""
3,1049,11265,"David, Panama",""
3,0,13834,"Bellefontaine, OH","OH"
3,12,11165,"Coatesville, PA","PA"
3,20,15042,"Sunriver, OR","OR"
3,15,13535,"Morrisville, VT","VT"
3,13,16221,"Rouyn-Noranda, Canada","QC"
3,12,11496,"Newport, VT","VT"
3,11,16342,"Happy Harbour, AK","AK"
3,211,12952,"Lome, Togo",""
3,156,10736,"Parana, Brazil",""
3,12,10061,"Port Hobron, AK","AK"
3,2,13786,"Nykoping, Sweden",""
3,2,13011,"Lulea, Sweden",""
3,21,12872,"Kazan, Russia",""
3,0,15276,"Winchester, TN","TN"
3,0,14774,"Subic Bay, Philippines",""
3,10,10945,"Clemson, SC","SC"
3,130,16282,"Zagreb, Croatia",""
3,14,10406,"Attu, AK","AK"
3,2,12233,"Houma, LA","LA"
3,7,14545,"Reykjavik, Iceland",""
3,27,11714,"Fort Myers, FL","FL"
3,0,16472,"Independence Creek, AK","AK"
3,35,13122,"Lawrence, KS","KS"
3,3,13923,"Sivinuvik, AK","AK"
3,211,13561,"Maota, Samoa",""
3,5,12837,"Kugururok River, AK","AK"
3,61,13023,"Louisville, MS","MS"
3,3,13083,"Lost River, AK","AK"
3,2,11669,"Frankfort, KY","KY"
3,0,12645,"Kandahar, Afghanistan",""
3,17,15498,"Heber, UT","UT"
3,73,12913,"La Ceiba, Honduras",""
3,10,11037,"Conakry, Guinea",""
3,7,16525,"West Chester, PA","PA"
3,0,11099,"Cocoa Beach, FL","FL"
3,0,13593,"Mazar-I-Sherif, Afghanistan",""
3,15,16223,"Bonaventure, Canada","QC"
3,12,11452,"Davis/Woodland/Winters, CA","CA"
3,12,13469,"Marco Island, FL","FL"
3,7,11014,"Chomley, AK","AK"
3,0,13239,"Manta, Ecuador",""
3,0,13870,"Olive Branch, MS","MS"
3,43,15675,"Peru, IL","IL"
3,78,13097,"Altus, OK","OK"
3,183,16198,"Summerside, Canada","PE"
3,43,16256,"North Bay, Canada","ON"
3,0,11044,"Coalinga, CA","CA"
3,320,13780,"Willow Grove, PA","PA"
3,4,12812,"Sandy River, AK","AK"
3,6,10345,"Russellville, AR","AR"
3,0,15040,"Sumter, SC","SC"
3,75,12283,"Independence, KS","KS"
3,25,14296,"Prudhoe Bay, AK","AK"
3,7,13193,"Mackinac Island, MI","MI"
3,6,11371,"Deauville, France",""
3,0,10440,"West Memphis, AR","AR"
3,0,10105,"Omolik Lagoon, AK","AK"
3,15,16260,"Penticton, Canada","BC"
3,86,11141,"Caravelas, Brazil",""
3,0,15665,"Americus, GA","GA"
3,16,13902,"Bible Camp, AK","AK"
3,0,10428,"Aviano, Italy",""
3,11,16429,"Middlebury, VT","VT"
3,1,13009,"Lakeview, OR","OR"
3,7,12337,"Indianapolis, IN","IN"
3,0,15274,"Lexington, TN","TN"
3,148,11970,"Guapi, Colombia",""
3,47,10939,"Ciudad Obregon, Mexico",""
3,25,14557,"Stafford, VA","VA"
3,516,15000,"Seoul, South Korea",""
3,15,12702,"Kortrijk, Belgium",""
3,113,14896,"Stella Maris, The Bahamas",""
3,10,16363,"Fernandina Beach, FL","FL"
3,21,14751,"Selinsgrove, PA","PA"
3,0,12859,"Danville, KY","KY"
3,0,16508,"Squaw Lake, AK","AK"
3,42,12153,"Wheeling, WV","WV"
3,21,16455,"Demopolis, AL","AL"
3,0,14617,"Comanche, TX","TX"
3,21,11939,"Galveston, TX","TX"
3,3,10063,"Big Bay, AK","AK"
3,0,11363,"Danville, IL","IL"
3,15,11060,"Cunnamulla, Australia",""
3,3,14944,"Spartanburg, SC","SC"
3,243,13439,"Miami, FL","FL"
2,75,11479,"Elizabeth City, NC","NC"
2,3,11342,"The Dalles, OR","OR"
2,46,11826,"Fort Worth, TX","TX"
2,0,10267,"Alton, IL","IL"
2,7,12128,"Hiawatha, KS","KS"
2,1,14781,"Sonderborg, Denmark",""
2,0,10947,"Crestview, FL","FL"
2,7,14198,"La Verne, CA","CA"
2,266,15009,"Santo Domingo, Venezuela",""
2,0,10992,"Chania, Greece",""
2,0,13699,"Diego Garcia, British Indian Ocean Territory",""
2,4,14639,"Rotterdam, Netherlands",""
2,5,11261,"Danville, VA","VA"
2,5,14835,"Sarajevo, Bosnia and Herzegovina",""
2,0,11025,"Jeju, South Korea",""
2,2,16512,"Mattituck, NY","NY"
2,0,14975,"Searcy, AR","AR"
2,7,11700,"Florence, Italy",""
2,0,10113,"Bethel, AK","AK"
2,269,10375,"Ascension Island, Saint Helena, Ascension, and Tristan da Cunha",""
2,0,10166,"Adelaide, Australia",""
2,0,13915,"Port Alsworth, AK","AK"
2,6,16341,"Coal Bay, AK","AK"
2,7,12574,"Nashville, TN","TN"
2,0,11929,"Goodland, KS","KS"
2,0,12351,"Winslow, AZ","AZ"
2,0,10352,"Walnut Ridge, AR","AR"
2,0,13956,"Ostrava, Czech Republic",""
2,1,16431,"Aberdeen, ID","ID"
2,0,11417,"Darwin, Australia",""
2,22,16102,"Yankton, SD","SD"
2,11,15653,"Midland/Odessa, TX","TX"
2,4,12716,"Ekuk, AK","AK"
2,254,10579,"Bergen, Norway",""
2,5,12516,"Mikonos Island, Greece",""
2,5,10089,"Red Fox Bay, AK","AK"
2,8,11276,"Dubrovnik, Croatia",""
2,4,16021,"Colville Lake, Canada","NT"
2,3,10942,"Cannes, France",""
2,6,13837,"Cincinnati, OH","OH"
2,0,11616,"Newton, KS","KS"
2,0,10340,"Aqaba, Jordan",""
2,3,13471,"Grand Case, Saint Martin",""
2,5,16519,"Carlisle, PA","PA"
2,28,13138,"Lyneham, United Kingdom",""
2,59,11254,"Danang, Vietnam",""
2,0,13827,"Ogallala, NE","NE"
2,6,15033,"Sturgeon Bay, WI","WI"
2,0,13302,"Howell, MI","MI"
2,44,16157,"Digby Island, Canada","BC"
2,7,13922,"Shisholik, AK","AK"
2,26,12078,"Hattiesburg, MS","MS"
2,3,16558,"Hammond, LA","LA"
2,7,14964,"Springdale, AR","AR"
2,9,13040,"Lagos de Moreno, Mexico",""
2,426,10550,"Brest, France",""
2,0,11491,"Needles, CA","CA"
2,0,15968,"Doha, Qatar",""
2,13,10886,"Corner Bay, AK","AK"
2,5,15141,"Statesboro, GA","GA"
2,2,16546,"Collingwood, Canada","ON"
2,0,11427,"Detroit Lakes, MN","MN"
2,6,14587,"Rostov, Russia",""
2,230,13020,"Lossiemouth, United Kingdom",""
2,6,13782,"Fulton, NY","NY"
2,0,13429,"Mount Pleasant, MI","MI"
2,1,11904,"Georgetown, SC","SC"
2,11,10508,"Blacksburg, VA","VA"
2,20,12392,"Manistique, MI","MI"
2,0,15112,"Schwerin, Germany",""
2,0,15344,"Tehachapi, CA","CA"
2,17,15197,"Berlin, Germany",""
2,5,12312,"Wilkesboro, NC","NC"
2,230,14995,"Sharm El Sheikh, Egypt",""
2,4,13888,"Onion Bay, AK","AK"
2,9,15706,"Winthrop, WA","WA"
2,5,10078,"Karluk Portage, AK","AK"
2,0,12605,"Russellville, KY","KY"
2,282,11334,"Dalian, China",""
2,11,13046,"London/Corbin, KY","KY"
2,0,15078,"Sweetwater, TX","TX"
2,14,16146,"Oshawa, Canada","ON"
2,0,13971,"Ouagadougou, Burkina Faso",""
2,44,13452,"Macomb, IL","IL"
2,0,12680,"Kaohsiung, Taiwan",""
2,0,13869,"Columbus, NE","NE"
2,11,16582,"Thomson, GA","GA"
2,5,11358,"Augusta, GA","GA"
2,108,15132,"Tau, TT","TT"
2,7,10432,"Avignon, France",""
2,403,12829,"Kushiro, Japan",""
2,5,15232,"Truckee, CA","CA"
2,201,15118,"Taegu, South Korea",""
2,7,13354,"Mankato, MN","MN"
2,6,16022,"Charlo, Canada","NB"
2,2,10344,"Girdwood, AK","AK"
2,7,11174,"Cortland, NY","NY"
2,185,11665,"Fez, Morocco",""
2,49,11257,"Daggett, CA","CA"
2,200,10755,"Barahona, Dominican Republic",""
2,6,15639,"Albemarle, NC","NC"
2,19,11160,"Changsha, China",""
2,0,15873,"Charleston, WV","WV"
2,5,11650,"Minneapolis, MN","MN"
2,0,10388,"Ashland, WI","WI"
2,10,10173,"St Andrews, United Kingdom",""
2,6,16510,"Beaufort, NC","NC"
2,9,16158,"Port Hawkesbury, Canada","NS"
2,0,11506,"Eagle Pass, TX","TX"
2,10,11866,"Guernsey, United Kingdom",""
2,4,10455,"Eagle Nest, NM","NM"
2,0,15820,"Dorris, CA","CA"
2,10,16457,"Chatham Kent, Canada","ON"
2,0,10979,"Casa Grande, AZ","AZ"
2,397,12411,"Ivanovo, Russia",""
2,77,10164,"Amman, Jordan",""
2,125,15142,"Tbilisi, Georgia",""
2,3054,11847,"Guantanamo, Cuba",""
2,23,10294,"Ames, IA","IA"
2,101,14800,"Nakashibetsu, Japan",""
2,4,10012,"Blairstown, NJ","NJ"
2,4,15852,"Wiseman, AK","AK"
2,6,10348,"Ann Arbor, MI","MI"
2,0,13702,"Lemoore, CA","CA"
2,9,16120,"Murray Bay, Canada","QC"
2,0,15127,"Qingdao, China",""
2,3,12925,"Linden, NJ","NJ"
2,89,10718,"Bodo, Norway",""
2,130,14929,"Sofia, Bulgaria",""
2,0,13161,"Mangochi, Malawi",""
2,0,13623,"Kenansville, NC","NC"
2,9,14345,"Port Clinton, OH","OH"
2,19,11621,"George Town, The Bahamas",""
2,1,15053,"Stavanger, Norway",""
2,0,11464,"Noatak, AK","AK"
2,5,15649,"Hanford, CA","CA"
2,0,15273,"Pulaski, TN","TN"
2,7,14465,"Dallas/Fort Worth, TX","TX"
2,1,10196,"Agadir, Morocco",""
2,11,13144,"Ely, MN","MN"
2,0,16412,"Slaton, TX","TX"
2,0,13835,"Chillicothe, OH","OH"
2,2,10030,"Port Vita, AK","AK"
2,4,16276,"Sarnia, Canada","ON"
2,635,11167,"Chetumal, Mexico",""
2,8,15882,"Cape May, NJ","NJ"
2,0,16517,"Chemehuevi Valley, CA","CA"
2,7,14750,"Sebring, FL","FL"
2,0,12969,"Lahore, Pakistan",""
2,0,12607,"Kariba, Zimbabwe",""
2,5,13251,"Minden, NV","NV"
2,685,16462,"Muan, South Korea",""
2,51,14630,"Ruston, LA","LA"
2,0,10812,"St. James, MI","MI"
2,56,15079,"Strasbourg, France",""
2,0,12212,"Hastings, NE","NE"
2,24,13976,"Norman, OK","OK"
2,28,10968,"Jakarta, Indonesia",""
2,4,13453,"Indianapolis, IN","IN"
2,10,16131,"Gatineau, Canada","QC"
2,0,16335,"Albuquerque, NM","NM"
2,8,11213,"Chitina, AK","AK"
2,2,15944,"Port Orchard, WA","WA"
2,0,10878,"Cap-Haitien, Haiti",""
2,0,12549,"Kapolei, HI","HI"
2,0,10729,"Baler, Philippines",""
2,6,15382,"Thomasville, GA","GA"
2,5,15235,"Tokeen, AK","AK"
2,2072,13435,"Moscow, Russia",""
2,11,10009,"Homer, AK","AK"
2,6,15365,"Tours, France",""
2,114,16423,"Andalusia/Opp, AL","AL"
2,7,16023,"St. Catharines, Canada","ON"
2,0,11405,"Cape Canaveral, FL","FL"
2,0,15214,"Tripoli, Libya",""
2,5,13839,"Kent, OH","OH"
2,6,14322,"Big Port Walter, AK","AK"
2,0,12908,"Libreville, Gabon",""
2,10,13935,"Cork, Ireland",""
2,613,12985,"Lille, France",""
2,4,10471,"Biddeford, ME","ME"
2,0,10756,"Bardstown, KY","KY"
2,8,15640,"Vancouver, WA","WA"
2,1,12083,"Hebbronville, TX","TX"
2,7,13820,"Odessa, Ukraine",""
2,1,10745,"Barquisimeto, Venezuela",""
2,6,10254,"Alabaster, AL","AL"
2,32,15625,"Valparaiso, IN","IN"
2,19,11636,"Faro, Portugal",""
2,3,14497,"Reedsville, PA","PA"
2,0,11854,"Suffolk, United Kingdom",""
2,78,12840,"Kavala, Greece",""
2,102,16060,"Yonago, Japan",""
2,0,10013,"Crosbyton, TX","TX"
2,2,12350,"Inverness, United Kingdom",""
2,0,10095,"Nikiski, AK","AK"
2,108,14789,"Ho Chi Minh City, Vietnam",""
2,4,11188,"Cube Cove, AK","AK"
2,10,16526,"Marshfield, MA","MA"
2,0,15093,"Shelbyville/Tullahoma, TN","TN"
2,0,12096,"Hat Yai, Thailand",""
2,0,10258,"Alicante, Spain",""
2,1322,10125,"Aalborg, Denmark",""
2,4,16463,"Michellville, MD","MD"
2,1,14962,"Spencer, IA","IA"
2,0,14289,"Price, UT","UT"
2,0,14807,"Sharjah, United Arab Emirates",""
2,0,10363,"Minocqua/Woodruff, WI","WI"
2,0,16584,"Rampart, AK","AK"
2,349,14116,"Pine Mountain, GA","GA"
2,6,12262,"Red Oak, IA","IA"
2,10,15781,"Labouchere Bay, AK","AK"
2,4,15434,"Bermuda Dunes, CA","CA"
1,2,16487,"Taunton, MA","MA"
1,4,11978,"Greenwood, SC","SC"
1,0,10582,"Big Spring, TX","TX"
1,25,12247,"Hayward, CA","CA"
1,2,16534,"Clewiston, FL","FL"
1,0,16186,"Trois Rivieres, Canada","QC"
1,0,13157,"Madera, CA","CA"
1,0,13620,"Smithfield, NC","NC"
1,3,16424,"Frankfort, MI","MI"
1,2,10001,"Afognak Lake, AK","AK"
1,0,13274,"Maringa, Brazil",""
1,0,10346,"Conway, AR","AR"
1,13,14463,"Rabat, Morocco",""
1,2,15111,"San Cristobal, Mexico",""
1,40,12909,"Lubang, Philippines",""
1,2,14096,"New Philadelphia, OH","OH"
1,9,10703,"Burns, OR","OR"
1,7,10192,"Wadesboro, NC","NC"
1,2,16523,"Parry Sound, Canada","ON"
1,2,14904,"St. Moritz, Switzerland",""
1,4,15716,"Waterford, Ireland",""
1,0,13142,"Longyearbyen, Norway",""
1,5,12792,"Karup, Denmark",""
1,0,16403,"Copiapo, Chile",""
1,5,14763,"San Fernando, Venezuela",""
1,0,11397,"Cozad, NE","NE"
1,0,12625,"Kabul, Afghanistan",""
1,2,12310,"Jacksonville, IL","IL"
1,0,11609,"Eveleth, MN","MN"
1,2,13260,"Marshfield, WI","WI"
1,2,16474,"Jefferson, GA","GA"
1,18,12694,"Kerry County, Ireland",""
1,8,16272,"Gore Bay, Canada","ON"
1,6,13884,"Oneonta, NY","NY"
1,6,14441,"Southbridge, MA","MA"
1,0,10175,"Al Dhafra, United Arab Emirates",""
1,10,11510,"Eagle River, WI","WI"
1,3,14697,"Salina, UT","UT"
1,0,13927,"Florence, OR","OR"
1,0,11383,"Sebastian, FL","FL"
1,11,12287,"Kiev, Ukraine",""
1,0,10255,"Huntsville, AL","AL"
1,4,16563,"Osceola, WI","WI"
1,0,16220,"Hall Beach, Canada","NU"
1,0,15824,"Bluff, AK","AK"
1,131,12158,"Jakarta, Indonesia",""
1,4,16460,"Barcelos, Brazil",""
1,0,11333,"Douala, Cameroon",""
1,0,15255,"Tulare, CA","CA"
1,1,11774,"Figari, France",""
1,9,11009,"Carroll, IA","IA"
1,7438,12209,"Harrogate, United Kingdom",""
1,3,16504,"Honesdale, PA","PA"
1,3,13570,"San Diego, CA","CA"
1,1,10067,"Cannery Bay, AK","AK"
1,5,11223,"Cat Cay, The Bahamas",""
1,0,15977,"Polson, MT","MT"
1,0,10893,"Ciudad Bolivar, Venezuela",""
1,0,14510,"Reynosa, Mexico",""
1,0,16549,"Winters, TX","TX"
1,2,14284,"Pottstown, PA","PA"
1,0,13235,"Mendoza, Argentina",""
1,7,11689,"Bunnell, FL","FL"
1,0,16451,"Salome, AZ","AZ"
1,0,14606,"Cave Junction, OR","OR"
1,0,13451,"Miyanmin, Papua New Guinea",""
1,6,16496,"Logan, WV","WV"
1,0,15669,"Hondo, TX","TX"
1,0,14673,"Safford, AZ","AZ"
1,0,15292,"Tozeur, Tunisia",""
1,0,13553,"Monticello, UT","UT"
1,2,12042,"Westerland-Sylt, Germany",""
1,0,10058,"Lake Florence, AK","AK"
1,1,11207,"Clinton, IA","IA"
1,5,11056,"Chehalis, WA","WA"
1,2,10722,"Bartow, FL","FL"
1,0,13219,"Medford, WI","WI"
1,0,15761,"Phillips, WI","WI"
1,0,13164,"Matamoros, Mexico",""
1,95,11124,"Cape Town, South Africa",""
1,1,14368,"Mont Laurier, Canada","QC"
1,2,12870,"Kizhuyak, AK","AK"
1,0,14655,"Rowan Bay, AK","AK"
1,4,13070,"Lathrop, CA","CA"
1,0,15503,"Upington, South Africa",""
1,0,13773,"Overton, NV","NV"
1,7,16527,"Monroeville, AL","AL"
1,0,15726,"Big Rapids, MI","MI"
1,36,12804,"Kissidougou, Guinea",""
1,6,16419,"Sewanee, TN","TN"
1,5,13420,"Washington, MO","MO"
1,0,11108,"Cordoba, Argentina",""
1,49,15001,"Siassi, Papua New Guinea",""
1,6,13268,"Melfa, VA","VA"
1,0,14024,"Pine Bluff, AR","AR"
1,0,15259,"Tifton, GA","GA"
1,0,13049,"Lompoc, CA","CA"
1,0,10034,"Serpentine, AK","AK"
1,0,11172,"Chengdu, China",""
1,1,13893,"Cobol, AK","AK"
1,6,13331,"Mitiga, Libya",""
1,28,11031,"Clarksdale, MS","MS"
1,116,12229,"Huehuetenango, Guatemala",""
1,0,14707,"Winnsboro, SC","SC"
1,0,13595,"Marion, IN","IN"
1,1,14544,"Ras Al Khaimah, United Arab Emirates",""
1,56,13402,"Moose Lake, MN","MN"
1,7,16570,"Whistler, Canada","BC"
1,0,15831,"Poplar, MT","MT"
1,2,11712,"Greven, Germany",""
1,5,10130,"Aarhus, Denmark",""
1,30,16468,"Philadelphia, MS","MS"
1,0,11784,"Denver, CO","CO"
1,0,12446,"Jacmel, Haiti",""
1,4,12215,"Hot Springs, VA","VA"
1,0,14883,"Salida, CO","CO"
1,9313,15314,"Tom Price, Australia",""
1,9,14740,"Santander, Spain",""
1,0,11080,"Constanta, Romania",""
1,6,13808,"Ocean City, MD","MD"
1,0,10741,"Whitesburg, KY","KY"
1,0,11581,"Erdenet, Mongolia",""
1,1,13242,"Meadville, PA","PA"
1,0,15396,"Ballinger, TX","TX"
1,4,13191,"McComb, MS","MS"
1,0,13982,"Owatonna, MN","MN"
1,0,15622,"Cartersville, GA","GA"
1,0,11004,"Craig, CO","CO"
1,153,12201,"Harbin, China",""
1,0,14867,"Salta, Argentina",""
1,2,16585,"Sussex, NJ","NJ"
1,1,10611,"Bastia, France",""
1,0,16337,"San Isidro, Dominican Republic",""
1,5,12554,"Juneau, AK","AK"
1,1,10238,"Akron, OH","OH"
1,6,16203,"Alma, Canada","QC"
1,510,13170,"Manus Island, Papua New Guinea",""
1,2,13637,"Kindred, ND","ND"
1,147,12137,"Honiara, Solomon Islands",""
1,1,10103,"Shannon Pond, AK","AK"
1,10,13443,"Montpellier, France",""
1,2,12661,"Key Largo, FL","FL"
1,6,16258,"Smithers, Canada","BC"
1,13,16116,"Mayo, Canada","YT"
1,17,15663,"Independence, CA","CA"
1,0,14669,"Kalispell, MT","MT"
1,0,16573,"Broken Bow, NE","NE"
1,1,13544,"Milwaukee, WI","WI"
1,0,11979,"Tacoma, WA","WA"
1,1,12723,"Kelp Bay, AK","AK"
1,0,10587,"Bergamo, Italy",""
1,2,16320,"Queenstown, New Zealand",""
1,0,12525,"Azraq, Jordan",""
1,5,10424,"Wausau, WI","WI"
1,30,16536,"Troy, AL","AL"
1,7,16188,"Sudbury, Canada","ON"
1,0,13950,"Osijek, Croatia",""
1,5,16425,"Potsdam, NY","NY"
1,58,16031,"Deer Lake, Canada","NL"
1,5,10780,"Butler, PA","PA"
1,2,15421,"Narsarsuaq, Greenland",""
1,0,10572,"Borger, TX","TX"
1,4,16290,"Bromont, Canada","QC"
1,0,13937,"Oran, Algeria",""
1,0,12796,"Burlington, KS","KS"
1,0,11881,"Magadan, Russia",""
1,5,16475,"Durban, South Africa",""
1,81,14837,"St. Johns, AZ","AZ"
1,0,10820,"Butterworth, Malaysia",""
1,12,14446,"Rabaul, Papua New Guinea",""
1,0,11797,"Osprey Lodge, AK","AK"
1,56,12457,"San Francisco, CA","CA"
1,6,10177,"Padang Sidempuan, Indonesia",""
1,3,16516,"Moscow, Russia",""
1,0,16355,"Paradise, CA","CA"
1,0,12293,"Inagua, The Bahamas",""
1,2,16565,"Uribia, Colombia",""
1,4,10116,"Kachemak Bay, AK","AK"
1,0,16461,"Lashkar Gah, Afghanistan",""
1,52,16082,"Haines Junction, Canada","YT"
1,8,10378,"Marshall, TX","TX"
1,5,13512,"Manitowoc, WI","WI"
1,82,10897,"Canberra, Australia",""
1,0,11373,"Dos Lagunas, Guatemala",""
1,129,13387,"Darlington, United Kingdom",""
1,0,11858,"Galesburg, IL","IL"
1,4,16552,"Burlington, NC","NC"
1,7,13236,"Rangeley, ME","ME"
1,1,11690,"Williston, FL","FL"
1,2,15393,"Mesquite, TX","TX"
1,5,16453,"Gregory, SD","SD"
1,5,11309,"Dalhart, TX","TX"
1,2,15615,"Venice, FL","FL"
1,2,12353,"Isle of Man, United Kingdom",""
1,0,12396,"Wisconsin Rapids, WI","WI"
1,3,11987,"Grosseto, Italy",""
1,8,12050,"Baku, Azerbaijan",""
1,0,13368,"Malta, MT","MT"
1,8,12934,"Leesburg, FL","FL"
1,6,16541,"Okeechobee, FL","FL"
1,6,16195,"Marathon, Canada","ON"
1,0,16439,"Ulan-Ude, Russia",""
1,2,14793,"Stuttgart, AR","AR"
1,0,15845,"Wroclaw, Poland",""
1,25,15429,"Ubon Ratchathani, Thailand",""
1,2,14371,"Culpeper, VA","VA"
1,8,13287,"Mitchell, SD","SD"
1,2,10147,"Aberdeen, United Kingdom",""
1,26,16485,"Mamitupo, Panama",""
1,0,11974,"Grand Rapids, MN","MN"
1,1,10580,"Big Lake, AK","AK"
1,0,11196,"Ciudad Victoria, Mexico",""
1,2,10417,"Austin/Albert Lea, MN","MN"
1,2,13777,"Navegantes, Brazil",""
1,0,10714,"Burgas, Bulgaria",""
1,3,16528,"Richmond, VA","VA"
1,0,13153,"Madras, India",""
1,2,10090,"Shearwater, AK","AK"
1,0,15588,"Vigo, Spain",""
1,2,13838,"Ravenna, OH","OH"
1,5,15003,"Stuart Island, WA","WA"
1,7,15892,"Pinedale, WY","WY"
1,1,13337,"Murcia, Spain",""
1,0,11815,"Rexburg, ID","ID"
1,120,10186,"Akureyri, Iceland",""
1,6,16520,"Middletown, DE","DE"
1,74,16170,"Lethbridge, Canada","AB"
1,7,15714,"Warsaw, IN","IN"
1,5,13596,"Pottstown, PA","PA"
1,2,12024,"Guymon, OK","OK"
1,7,10637,"Bodrum, Turkey",""
1,3,10083,"Village Islands, AK","AK"
1,5,14759,"Mahe Islands, Seychelles",""
1,199,11876,"Gdansk, Poland",""
1,0,11094,"Melgar, Colombia",""
1,2,16571,"Penn Yan, NY","NY"
1,4,14311,"Preveza, Greece",""
1,0,14007,"Hanapepe, HI","HI"
1,5,11339,"Dillon, SC","SC"
1,59,14243,"Pristina, Serbia",""
1,8,15034,"Lamezia Terme, Italy",""
1,1,14431,"Window Rock, AZ","AZ"
1,2,11021,"Crafton Island, AK","AK"
1,1,14069,"Progreso, Honduras",""
1,3,15698,"Cape Greig, AK","AK"
1,7,13523,"Moultrie, GA","GA"
1,5,10623,"Bilbao, Spain",""
1,0,15982,"Fortuna, CA","CA"
1,1,10916,"Chub Cay, The Bahamas",""
1,0,13392,"Marshall, MN","MN"
1,5,10248,"Akure, Nigeria",""
1,4,16560,"Bend, OR","OR"
1,0,14295,"Poulsbo, WA","WA"
1,0,11582,"Kerrville, TX","TX"
1,2,11698,"Florianopolis, Brazil",""
1,10,15397,"Cleburne, TX","TX"
1,0,14623,"Warroad, MN","MN"
1,0,15252,"Tallinn, Estonia",""
1,1,16502,"Oxford, NC","NC"
1,9,15300,"Tromso, Norway",""
1,8,16588,"West Dover, VT","VT"
1,0,13912,"Telaquana Lake, AK","AK"
1,74,10887,"Cochabamba, Bolivia",""
1,9,16547,"Pella, IA","IA"
1,24,15791,"Winnemucca, NV","NV"
1,0,11687,"Valkaria, FL","FL"
1,0,13646,"Blair, NE","NE"
1,0,10104,"Omalik Lagoon, AK","AK"
1,25,16445,"Driggs, ID","ID"
1,180,15242,"Tokushima, Japan",""
1,0,16259,"Fort Nelson, Canada","BC"
1,6,15021,"St. Marys, PA","PA"
1,0,14408,"Singapore, Singapore",""
1,6,14034,"Pikeville, KY","KY"
1,120,10151,"Arrecife, Spain",""
1,4,16491,"Princeton, ME","ME"
1,1,14854,"Thessaloniki, Greece",""
1,0,11483,"Rocksprings, TX","TX"
1,1,15664,"Wichita, KS","KS"
1,2,16577,"Moncks Corner, SC","SC"
1,2,12029,"Batavia, NY","NY"
1,0,10054,"Kogru River, AK","AK"
1,0,13363,"Male, Maldives",""
1,167,12531,"Joinville, Brazil",""
1,24,16537,"Notchitoches, LA","LA"
1,7,12820,"Kingston, Jamaica",""
1,2,12130,"Whitefield, NH","NH"
1,11,16032,"Dease Lake, Canada","BC"
1,2,13278,"Magangue, Colombia",""
1,0,12393,"Istres, France",""
1,5,11968,"Gove, Australia",""
1,0,15915,"Madison, SD","SD"
1,267,11821,"Unuk River, AK","AK"
1,0,14099,"Pinheiro, Brazil",""
1,2,12240,"Humberside, United Kingdom",""
1,3,16019,"Miramichi, Canada","NB"
1,2,10764,"Basco, Philippines",""
1,7,13262,"Milford Sound, New Zealand",""
1,0,13691,"Nouakchott, Mauritania",""
1,3,14015,"Paros, Greece",""
1,0,15471,"Woomera, Australia",""
1,3,11656,"Frederick, MD","MD"
1,0,10400,"Athens, OH","OH"
1,2,13757,"Nantes, France",""
1,0,12225,"Huntsville, AL","AL"
1,106,10182,"Adler/Sochi, Russia",""
1,3,16165,"Red Deer, Canada","AB"
1,13,10079,"Hope, AK","AK"
1,0,16361,"Zanesville, OH","OH"
1,1,15996,"Kattiniq, Canada","QC"
1,0,11389,"Colusa, CA","CA"
1,4,11590,"Alexandria, LA","LA"
1,3,15826,"Campbellsville, KY","KY"
1,0,10117,"Selby Lake, AK","AK"
1,11,15860,"West End, The Bahamas",""
1,5,12358,"Iowa City, IA","IA"
1,3,14417,"Westminster, MD","MD"
1,0,13300,"Greenville, MI","MI"
1,181,12438,"Izumo, Japan",""
1,278,13737,"Newquay, United Kingdom",""
1,2,14063,"Perm, Russia",""
1,1,10664,"Belaga, Malaysia",""
1,1,13919,"Waterkloof, South Africa",""
1,0,10900,"Cayo Coco, Cuba",""
1,0,15539,"Circle, MT","MT"
1,3,14514,"Rio Grande, Argentina",""
1,3,16553,"Oxford, ME","ME"
1,12,16214,"Timmins, Canada","ON"
1,1,11693,"Fond Du Lac, WI","WI"
1,68,15394,"Denver City, TX","TX"
1,0,13183,"Mamburao, Philippines",""
1,4,11314,"Dijon, France",""
1,6,16064,"Gaspe, Canada","QC"
1,0,11440,"Douglas, AZ","AZ"
1,0,14615,"Parowan, UT","UT"
1,0,10547,"Benghazi, Libya",""
1,295,16266,"Churchill, Canada","MB"
1,3,12873,"Lamar, CO","CO"
1,11,10650,"Bamako, Mali",""
1,2,16499,"Johnstown, NY","NY"
1,4,14864,"Saransk, Russia",""
1,3,16583,"Summerville, SC","SC"
1,0,13909,"Akolik, AK","AK"
1,9,10604,"Bathurst, Australia",""
1,1,10062,"Mooseville Airstrip, AK","AK"
1,0,14276,"Port Armstrong, AK","AK"
1,0,10100,"Carry Inlet, AK","AK"
1,6,10955,"Silver City, Canada","YT"
1,2,11914,"Gibraltar, Gibraltar",""
1,0,11130,"Cheraw, SC","SC"
1,0,14384,"Boufarik, Algeria",""
1,0,16486,"Greenwood, Canada","NS"
1,0,11473,"Entebbe/Kampala, Uganda",""
1,0,14657,"Rawlins, WY","WY"
1,0,15920,"Quang Ngai, Vietnam",""
1,8,10858,"Bakersfield, CA","CA"
1,3,13357,"Mackay, Australia",""
1,0,14105,"Paris, TN","TN"
1,0,12246,"Hartsville, SC","SC"
1,5,16533,"Santo Domingo, Dominican Republic",""
1,46,16182,"Chicoutimi, Canada","QC"
1,0,12127,"Hawthorne, CA","CA"
1,41,14565,"San Antonio, TX","TX"
1,8,13423,"Montes Claros, Brazil",""
1,5,10500,"Basse Terre, Guadeloupe",""
1,0,15270,"Lebanon, TN","TN"
1,6,11959,"Gold Beach, OR","OR"
1,0,16285,"Zamboanga, Philippines",""
1,3,11176,"Columbia, SC","SC"
1,0,10836,"Rock Hill, SC","SC"
1,0,14095,"Port Harcourt, Nigeria",""
1,0,16521,"Big Piney, WY","WY"
1,6,14899,"Somerville, NJ","NJ"
1,3,15715,"Washington, DC","DC"
1,5,15342,"Taos, NM","NM"
1,9,13140,"Lyon, France",""
1,0,12106,"Natchez, MS","MS"
1,242,16399,"Sanandaj, Iran",""
1,0,16009,"Brandon, Canada","MB"
1,0,10929,"Lapu-Lapu City, Philippines",""
1,2,14546,"Rockwood, TN","TN"
1,8,11095,"Columbia, CA","CA"
1,3,14178,"Pamplona, Spain",""
1,187,11716,"Funchal, Portugal",""
1,0,16473,"Wichita, KS","KS"
1,2,11161,"Catania, Italy",""
1,2,13881,"Winona, MN","MN"
1,135,15463,"Ulan Bator, Mongolia",""
1,169,10174,"San Andres Island, Colombia",""
1,1,16511,"Indianapolis, IN","IN"
1,0,11508,"Wellington, KS","KS"
1,0,13123,"Lawrenceburg, TN","TN"
1,1,12008,"Georgetown, TX","TX"
1,44,10625,"Biarritz, France",""
1,0,16352,"Cloverdale, CA","CA"
1,162,11236,"Chichen Itza, Mexico",""
1,4,13394,"Stow, MA","MA"
1,4,10461,"Antalya, Turkey",""
1,0,16561,"Springerville, AZ","AZ"
1,0,11586,"Ankara, Turkey",""
1,24,15398,"Horseshoe Bay, TX","TX"
1,0,10311,"Andahuaylas, Peru",""
1,0,10112,"Eagle Creek, AK","AK"
1,5,16459,"Fremont, OH","OH"
1,1,13044,"Louisville, KY","KY"
1,6,11945,"Seoul, South Korea",""
1,7,15302,"Tortola, British Virgin Islands",""
1,3,10066,"Blear Lake, AK","AK"
1,0,15975,"Mariposa, CA","CA"
1,0,12948,"Lufkin, TX","TX"
1,4,10734,"Bequia, Saint Vincent and the Grenadines",""
1,4,16548,"Hampton, NH","NH"
1,0,14953,"Sapporo, Japan",""
1,0,15792,"Mountain Home, AR","AR"
1,0,15388,"Taylor, AK","AK"
1,26,13177,"Mombasa, Kenya",""
1,0,13653,"Sam Neua, Laos",""
1,4,16449,"Paragould, AR","AR"
1,2,10964,"Cambridge, MD","MD"
1,1,15609,"Valladolid, Spain",""
1,4,10802,"Buyo, Cote d'Ivoire",""
1,26,13703,"Nuevo Laredo, Mexico",""
1,2,16495,"Simsbury, CT","CT"
1,23,15287,"Newton, IA","IA"
1,107,15128,"Tapachula, Mexico",""
1,0,16538,"Clinton, NC","NC"
1,4,14934,"Solomon, AK","AK"
1,145,10782,"Bratislava, Slovakia",""
1,4,14347,"Lyndonville, VT","VT"
1,0,15917,"Xiamen, China",""
1,0,15114,"Szczecin, Poland",""
1,0,14915,"Snyder, TX","TX"
1,418,13606,"Natal, Brazil",""
1,1,12799,"Kosice, Slovakia",""
1,3,10088,"Malina Bay, AK","AK"
1,51,13419,"Mosby, MO","MO"
1,3,13836,"Marysville, OH","OH"
1,4,10769,"Boswell Bay, AK","AK"
1,0,14841,"San Jose, Bolivia",""
1,0,13048,"La Paz, Bolivia",""
1,0,10824,"Bandar Seri Begawan, Brunei",""
1,0,11657,"Frederick, OK","OK"
1,0,10404,"Artesia, NM","NM"
1,0,11030,"Chongqing, China",""
1,0,13758,"Newcastle, Australia",""
1,1,16518,"Centralia, Canada","ON"
1,4,15335,"Taipei, Taiwan",""
1,0,15562,"Brescia, Italy",""
1,0,13400,"Miyakojima, Japan",""
1,3,11091,"Chiang Mai, Thailand",""
1,46,13826,"Ofu, TT","TT"
1,0,13675,"Nimba, Liberia",""
1,2,12165,"Homeshore, AK","AK"
1,0,16084,"Hay River, Canada","NT"
1,0,10987,"Challis, ID","ID"
1,3,11453,"Houston, TX","TX"
1,2,14064,"Perugia, Italy",""
1,3,11502,"Bergerac, France",""
1,7,13120,"Las Vegas, NM","NM"
1,0,10071,"Cosna River, AK","AK"
1,3,15546,"Chesapeake, VA","VA"
1,17,11078,"Coonamble, Australia",""
1,203,10740,"Bremen, Germany",""
1,48,10246,"Akron, CO","CO"
1,0,16555,"Midlothian/Waxahachie, TX","TX"
1,2,15805,"Wood River, AK","AK"
1,0,13980,"Asturias, Spain",""
1,98,16074,"Dryden, Canada","ON"
1,1,10549,"Berlin, Germany",""
1,3,10017,"Red Lake, AK","AK"
1,0,11158,"Cape Sabine, AK","AK"
1,0,12875,"Pulau Layang-Layang, Malaysia",""
1,3,10652,"Bengkulu, Indonesia",""
1,2,16500,"Red Wing, MN","MN"
1,0,16336,"Gasquet, CA","CA"
1,12,15526,"Chariot, AK","AK"
1,0,10435,"Avalon, Australia",""
1,2,16201,"Pembroke, Canada","ON"
1,0,13632,"Marietta, GA","GA"
1,0,12834,"Kaunas, Lithuania",""
1,0,10102,"Montague Island, AK","AK"
1,5,16442,"Millbrook, NY","NY"
1,4,10956,"Caen, France",""
1,10,11425,"Death Valley, CA","CA"
1,3,15605,"Vicksburg, MS","MS"
1,1,11136,"Jacksonville, FL","FL"
1,2,15847,"Washington, PA","PA"
1,0,10791,"Buenos Aires, Argentina",""
1,10,15019,"Stockholm, Sweden",""
